{"accessToken":"ad589fd46c1dbea90cfb99c0010e61b4","catalogs":{"maxId":2147483647,"records":[{"icon":"http://www.appmagics.cn/resources/ar/88911b16b8ab60787ad62e09c55fc315.jpg","mark":0,"name":"万圣节","id":46},{"icon":"http://www.appmagics.cn/resources/ar/90c6c07da448cf056f97dd841c96afcb.jpg","mark":0,"name":"魔法","id":45},{"icon":"http://www.appmagics.cn/resources/ar/32d1bda0c7cee220f607179d718a3e5d.jpg","mark":0,"name":"猛兽","id":43},{"icon":"http://www.appmagics.cn/resources/ar/d3b366366bcb76c9685ac92858bb1bf9.jpg","mark":0,"name":"面部增强","id":42},{"icon":"http://www.appmagics.cn/resources/ar/d248170c592ef141538cc96df179b429.jpg","mark":0,"name":"名人","id":41},{"icon":"http://www.appmagics.cn/resources/ar/86bae90d0757c75e4a3dcf28fa0570df.jpg","mark":0,"name":"恐龙","id":40},{"icon":"http://www.appmagics.cn/resources/ar/2c98f80db98efa095a81772b3b60d04d.jpg","mark":0,"name":"宠物","id":39},{"icon":"http://www.appmagics.cn/resources/ar/b7382ff6c61845831b281a4d1e9bf54c.jpg","mark":0,"name":"面具","id":38},{"icon":"http://www.appmagics.cn/resources/ar/83d7110e432cf7b935afcb60aaf6dec5.jpg","mark":0,"name":"蝴蝶","id":37},{"icon":"http://www.appmagics.cn/resources/ar/9889283f049bfc9377e9dd3429bebcce.jpg","mark":0,"name":"帽子","id":36},{"icon":"http://www.appmagics.cn/resources/ar/1f32e640c7469f8d126ab85607a4b7dc.jpg","mark":0,"name":"古装","id":35},{"icon":"http://www.appmagics.cn/resources/ar/77ac3124e400230960cfcc538a04dff1.jpg","mark":0,"name":"despicable me","id":34},{"icon":"http://www.appmagics.cn/resources/ar/4155e933427cf2d2804d6c4321bbbb1f.jpg","mark":0,"name":"植物大战僵尸","id":32},{"icon":"http://www.appmagics.cn/resources/ar/3fe1a0c5312e1803e538877563075ae1.jpg","mark":0,"name":"汽车","id":31},{"icon":"http://www.appmagics.cn/resources/ar/8fbdbf20481b3905c715c0ef8bf5ba75.jpg","mark":0,"name":"饰品","id":29},{"icon":"http://www.appmagics.cn/resources/ar/ar_catalog_glasses.png","mark":0,"name":"眼镜","id":23},{"icon":"http://www.appmagics.cn/resources/ar/ar_catalog_funny.png","mark":0,"name":"人物","id":16},{"icon":"http://www.appmagics.cn/resources/ar/ar_catalog_disney.png","mark":0,"name":"迪士尼","id":15},{"icon":"http://www.appmagics.cn/resources/ar/ar_catalog_ragecartoon.png","mark":0,"name":"漫画","id":11},{"icon":"http://www.appmagics.cn/resources/ar/ar_catalog_angrybirds.png","mark":0,"name":"愤怒的小鸟","id":10},{"icon":"http://www.appmagics.cn/resources/ar/ar_catalog_fashion.png","mark":0,"name":"服装","id":7},{"icon":"http://www.appmagics.cn/resources/ar/342a868f3414b802c4399b848fb72318.jpg","mark":0,"name":"狗狗","id":2}],"page":1,"sinceId":0,"totalRows":22,"totalPages":1,"rows":22},"error":null,"refreshToken":"","code":200}