{"accessToken":"ad589fd46c1dbea90cfb99c0010e61b4","error":null,"code":200,"refreshToken":"","goods":{"maxId":2147483647,"records":[{"description":"URL:http://baike.baidu.com/subview/1477134/8528857.htm @哈利波图","cid":16,"id":332,"mark":0,"image":"http://www.appmagics.cn/resources/ar/d1b97d6bad4638f73a95582868d8adec.jpg","icon":"http://www.appmagics.cn/resources/ar/5bfc52958eaf83100782ef119e53c161.jpg","type":"","price":"","name":"英雄006"},{"description":"URL:http://baike.baidu.com/subview/1477134/8528857.htm @哈利波图","cid":16,"id":331,"mark":0,"image":"http://www.appmagics.cn/resources/ar/3ff59429f189cfe856ecb2d9df198351.jpg","icon":"http://www.appmagics.cn/resources/ar/be5db215f93285e4ce26196cb30383fb.jpg","type":"","price":"","name":"英雄005"},{"description":"URL:http://baike.baidu.com/subview/254530/9894562.htm @哈利波图","cid":16,"id":330,"mark":0,"image":"http://www.appmagics.cn/resources/ar/678155c77e03fa99c194753b19d4dd6c.jpg","icon":"http://www.appmagics.cn/resources/ar/6f6e947ced7b03e40a8cf2355d7689eb.jpg","type":"","price":"","name":"英雄004"},{"description":"URL:http://baike.baidu.com/view/1660914.htm @哈利波图","cid":16,"id":292,"mark":0,"image":"http://www.appmagics.cn/resources/ar/ad8050d85750f62123629510b274810c.jpg","icon":"http://www.appmagics.cn/resources/ar/b995626874483423002bdd4f48dab6e3.jpg","type":"","price":"","name":"英雄003"},{"description":"#哈利波图#超级英雄！","cid":16,"id":275,"mark":0,"image":"http://www.appmagics.cn/resources/ar/5e7332f11e549adbb2fe636746abce0b.jpg","icon":"http://www.appmagics.cn/resources/ar/1c2982a2b5d09f67b9ace5b2e1873126.jpg","type":"","price":"","name":"英雄002"},{"description":"#哈利波图#超级英雄！","cid":16,"id":274,"mark":0,"image":"http://www.appmagics.cn/resources/ar/dbf7dae5b051e198bbc6d2b87438f077.jpg","icon":"http://www.appmagics.cn/resources/ar/8bcde5068e03ffd97ee335807d1d8395.jpg","type":"","price":"","name":"英雄001"},{"description":"人物","cid":16,"id":30,"mark":0,"image":"http://www.appmagics.cn/resources/ar/4e481dc389500ae442e27c7e0d0645e6.jpg","icon":"http://www.appmagics.cn/resources/ar/a0dcfff2e416e8f6e7f54c14eb3b0185.jpg","type":"","price":"","name":"人物"},{"description":"人物","cid":16,"id":29,"mark":0,"image":"http://www.appmagics.cn/resources/ar/757bc297468bdbe5ae22481404256278.jpg","icon":"http://www.appmagics.cn/resources/ar/d5eb671283aa7980e75a9192efb40384.jpg","type":"","price":"","name":"人物"},{"description":"人物","cid":16,"id":28,"mark":0,"image":"http://www.appmagics.cn/resources/ar/db202cf4f5ce83eaf50868589b931132.jpg","icon":"http://www.appmagics.cn/resources/ar/5bb338c110dff44a1c20872e675d1ef9.jpg","type":"","price":"","name":"人物"},{"description":"人物","cid":16,"id":27,"mark":0,"image":"http://www.appmagics.cn/resources/ar/dc5fe8e10367f5583a5477be36c827fb.jpg","icon":"http://www.appmagics.cn/resources/ar/bd990797ba0fd4368779f194029d17ce.jpg","type":"","price":"","name":"人物"}],"page":1,"sinceId":0,"totalRows":10,"totalPages":1,"rows":10}}