{"accessToken":"ad589fd46c1dbea90cfb99c0010e61b4","error":null,"code":200,"refreshToken":"","goods":{"maxId":2147483647,"records":[{"description":"","cid":11,"id":54,"mark":0,"image":"http://www.appmagics.cn/resources/ar/5fc8d91468fe7aac39c4beb77a69103f.jpg","icon":"http://www.appmagics.cn/resources/ar/8ace4da368000a00c371ba5adbec99bb.jpg","type":"","price":"","name":"漫画"},{"description":"","cid":11,"id":53,"mark":0,"image":"http://www.appmagics.cn/resources/ar/7dface2e602c724fcbe34ab727cf806f.jpg","icon":"http://www.appmagics.cn/resources/ar/ea2fe13ccdf58617604a15de22f6785a.jpg","type":"","price":"","name":"漫画"},{"description":"","cid":11,"id":52,"mark":0,"image":"http://www.appmagics.cn/resources/ar/de3ff47605fb78c46980a2a100aca477.jpg","icon":"http://www.appmagics.cn/resources/ar/c4b2e3e2f6c7fd03dd5f078da091474d.jpg","type":"","price":"","name":"漫画"},{"description":"","cid":11,"id":51,"mark":0,"image":"http://www.appmagics.cn/resources/ar/adce36c055a61beebca2aa4159e8dbec.jpg","icon":"http://www.appmagics.cn/resources/ar/9e963e2e7f68259b6d33def62b089d79.jpg","type":"","price":"","name":"漫画"},{"description":"","cid":11,"id":50,"mark":0,"image":"http://www.appmagics.cn/resources/ar/4b4407f1305ecf751c2b8e57be740744.jpg","icon":"http://www.appmagics.cn/resources/ar/6f79c0d97f748d41ab3c9498aaa1a6db.jpg","type":"","price":"","name":"漫画"},{"description":"","cid":11,"id":49,"mark":0,"image":"http://www.appmagics.cn/resources/ar/7994e754decc957cdc9dbb7863743dc7.jpg","icon":"http://www.appmagics.cn/resources/ar/2d3e9c04e28e9540ab84e472add72af8.jpg","type":"","price":"","name":"漫画"},{"description":"","cid":11,"id":48,"mark":0,"image":"http://www.appmagics.cn/resources/ar/caa02690cdea5a376c673558e368e787.jpg","icon":"http://www.appmagics.cn/resources/ar/f440fc6e45e53f70179a8e03e5c2bc5e.jpg","type":"","price":"","name":"漫画"},{"description":"","cid":11,"id":47,"mark":0,"image":"http://www.appmagics.cn/resources/ar/8387b036954f837f2a7b21d49440ad7c.jpg","icon":"http://www.appmagics.cn/resources/ar/c914f28ce5ad619408b1c89869d4d128.jpg","type":"","price":"","name":"漫画"},{"description":"","cid":11,"id":46,"mark":0,"image":"http://www.appmagics.cn/resources/ar/e8c2acd7ee7fd3959671f887287634f6.jpg","icon":"http://www.appmagics.cn/resources/ar/3e7f8dfc0c675cf23957f2c9c24aaaa8.jpg","type":"","price":"","name":"漫画"},{"description":"","cid":11,"id":45,"mark":0,"image":"http://www.appmagics.cn/resources/ar/e849d6865332a21af0adcb1ec7e10f87.jpg","icon":"http://www.appmagics.cn/resources/ar/143253cc10aa0c671682805125b24389.jpg","type":"","price":"","name":"漫画"}],"page":1,"sinceId":0,"totalRows":10,"totalPages":1,"rows":10}}