{"accessToken":"ad589fd46c1dbea90cfb99c0010e61b4","error":null,"code":200,"refreshToken":"","goods":{"maxId":2147483647,"records":[{"description":"#哈利波图#拍摄的可爱小动物！","cid":39,"id":253,"mark":0,"image":"http://www.appmagics.cn/resources/ar/ca4977a8d3cd7e784dc765719e82b33d.jpg","icon":"http://www.appmagics.cn/resources/ar/5058d626625f10fd3c54716b9bd40e2d.jpg","type":"","price":"","name":"宠物020"},{"description":"#哈利波图#拍摄的可爱小动物！","cid":39,"id":252,"mark":0,"image":"http://www.appmagics.cn/resources/ar/4474525ce11f7a1fda5a691b058f35db.jpg","icon":"http://www.appmagics.cn/resources/ar/101bbcefbe33e132c7c42d91dccc458b.jpg","type":"","price":"","name":"宠物019"},{"description":"#哈利波图#拍摄的可爱小动物！","cid":39,"id":251,"mark":0,"image":"http://www.appmagics.cn/resources/ar/0fb9193aaca4bd887a9558ee3d8fcc9d.jpg","icon":"http://www.appmagics.cn/resources/ar/60eac6eb76d065493ce2a3e245513f88.jpg","type":"","price":"","name":"宠物018"},{"description":"#哈利波图#拍摄的可爱小动物！","cid":39,"id":250,"mark":0,"image":"http://www.appmagics.cn/resources/ar/4f5a295d1a0283a884cae77613d55920.jpg","icon":"http://www.appmagics.cn/resources/ar/12c38fcec0468f58659f9d2b9aabc9ad.jpg","type":"","price":"","name":"宠物017"},{"description":"#哈利波图#拍摄的可爱小动物！","cid":39,"id":249,"mark":0,"image":"http://www.appmagics.cn/resources/ar/216c4904576fb9cde7d160e02050e687.jpg","icon":"http://www.appmagics.cn/resources/ar/6d84b5e9cf291a1c938b246212368d6e.jpg","type":"","price":"","name":"宠物016"},{"description":"#哈利波图#拍摄的可爱小动物！","cid":39,"id":248,"mark":0,"image":"http://www.appmagics.cn/resources/ar/f8a0cb9c7752ad1f425f73e7cbd88242.jpg","icon":"http://www.appmagics.cn/resources/ar/202288f7840ff73bee8333b190e2219f.jpg","type":"","price":"","name":"宠物015"},{"description":"#哈利波图#拍摄的可爱小动物！","cid":39,"id":247,"mark":0,"image":"http://www.appmagics.cn/resources/ar/652821f83defe36a314dce94240e443e.jpg","icon":"http://www.appmagics.cn/resources/ar/5831338311d7a63376b987128acf46de.jpg","type":"","price":"","name":"宠物014"},{"description":"#哈利波图#拍摄的可爱小动物！","cid":39,"id":246,"mark":0,"image":"http://www.appmagics.cn/resources/ar/d0c310fa9f3c375bef06140a37f8293d.jpg","icon":"http://www.appmagics.cn/resources/ar/d3f2496e5a414ef382e31d5083b11d40.jpg","type":"","price":"","name":"宠物013"},{"description":"#哈利波图#拍摄的可爱小动物！","cid":39,"id":245,"mark":0,"image":"http://www.appmagics.cn/resources/ar/1c411e6c8c510af4137e62e55215db78.jpg","icon":"http://www.appmagics.cn/resources/ar/a217e90b1e2ec5818de943e34d2aac73.jpg","type":"","price":"","name":"宠物012"},{"description":"#哈利波图#拍摄的可爱小动物！","cid":39,"id":244,"mark":0,"image":"http://www.appmagics.cn/resources/ar/8ce3e7c2703187e4053682a671c9ae93.jpg","icon":"http://www.appmagics.cn/resources/ar/53e90c000cdd9fff448deafcdd8e039b.jpg","type":"","price":"","name":"宠物011"},{"description":"#哈利波图#拍摄的可爱小动物！","cid":39,"id":243,"mark":0,"image":"http://www.appmagics.cn/resources/ar/cd109bfd550a3c8b17217a9dc102f7dd.jpg","icon":"http://www.appmagics.cn/resources/ar/298d1180b720ecd5ccc19c483feb09bd.jpg","type":"","price":"","name":"宠物010"},{"description":"#哈利波图#拍摄的可爱小动物！","cid":39,"id":242,"mark":0,"image":"http://www.appmagics.cn/resources/ar/1d2328c5b3bacc753863424ae833d524.jpg","icon":"http://www.appmagics.cn/resources/ar/c902d6ad118e1aaad038999d86513884.jpg","type":"","price":"","name":"宠物009"},{"description":"#哈利波图#拍摄的可爱小动物！","cid":39,"id":241,"mark":0,"image":"http://www.appmagics.cn/resources/ar/d1466eb2c1da1381dd1838c13c1d811d.jpg","icon":"http://www.appmagics.cn/resources/ar/43d5c806aa9cc8c053fdfcfac60de664.jpg","type":"","price":"","name":"宠物008"},{"description":"#哈利波图#拍摄的可爱小动物！","cid":39,"id":240,"mark":0,"image":"http://www.appmagics.cn/resources/ar/574fb104c66f8b0aaad997c2883cdc53.jpg","icon":"http://www.appmagics.cn/resources/ar/5dae627fa5dbf69d8b5325951c8b2167.jpg","type":"","price":"","name":"宠物007"},{"description":"#哈利波图#拍摄的可爱小动物！","cid":39,"id":239,"mark":0,"image":"http://www.appmagics.cn/resources/ar/08bc25d5493f0dea027aef7d931374c5.jpg","icon":"http://www.appmagics.cn/resources/ar/e3a96fc28abbf3a2d80113ffa43de9b7.jpg","type":"","price":"","name":"宠物006"},{"description":"#哈利波图#拍摄的可爱小动物！","cid":39,"id":238,"mark":0,"image":"http://www.appmagics.cn/resources/ar/896a2340b896352d9970021a45b9f242.jpg","icon":"http://www.appmagics.cn/resources/ar/e68918341d9b473b7dea108ecafce786.jpg","type":"","price":"","name":"宠物005"},{"description":"#哈利波图#拍摄的可爱小动物！","cid":39,"id":237,"mark":0,"image":"http://www.appmagics.cn/resources/ar/62c16f3bd750962fab68325284a289e3.jpg","icon":"http://www.appmagics.cn/resources/ar/e09605f2fdf2b3f37bff8bcffbc47199.jpg","type":"","price":"","name":"宠物004"},{"description":"#哈利波图#拍摄的可爱小动物！","cid":39,"id":236,"mark":0,"image":"http://www.appmagics.cn/resources/ar/d121e18cbe615ebf4a08147cd0f43ccd.jpg","icon":"http://www.appmagics.cn/resources/ar/41d5fd7e506c2da1b1909b0817e795da.jpg","type":"","price":"","name":"宠物003"},{"description":"#哈利波图#拍摄的可爱小动物！","cid":39,"id":235,"mark":0,"image":"http://www.appmagics.cn/resources/ar/63cc42d4127c5809c9479d9e21d22413.jpg","icon":"http://www.appmagics.cn/resources/ar/50e31443512c3951f490b43b8988ebb9.jpg","type":"","price":"","name":"宠物002"},{"description":"#哈利波图#拍摄的可爱小动物！","cid":39,"id":234,"mark":0,"image":"http://www.appmagics.cn/resources/ar/e36c8fbf968d6ac74e038ef52fd3dce6.jpg","icon":"http://www.appmagics.cn/resources/ar/b674d3a8c4178266408f5806bc1fae37.jpg","type":"","price":"","name":"宠物001"}],"page":1,"sinceId":0,"totalRows":20,"totalPages":1,"rows":20}}