{"accessToken":"ad589fd46c1dbea90cfb99c0010e61b4","error":null,"code":200,"refreshToken":"","goods":{"maxId":2147483647,"records":[{"description":"@哈利波图","cid":42,"id":304,"mark":0,"image":"http://www.appmagics.cn/resources/ar/91be4bb67eee94c823a3b31f8401d6e0.jpg","icon":"http://www.appmagics.cn/resources/ar/de06a3344f0c43c6b55fa99d3de608d3.jpg","type":"","price":"","name":"眼睛006"},{"description":"@哈利波图","cid":42,"id":303,"mark":0,"image":"http://www.appmagics.cn/resources/ar/10d3beed661d5e439ff10d56d97965d7.jpg","icon":"http://www.appmagics.cn/resources/ar/7b8384d74d0e21235d1c36c18f45fb64.jpg","type":"","price":"","name":"眼睛005"},{"description":"@哈利波图","cid":42,"id":302,"mark":0,"image":"http://www.appmagics.cn/resources/ar/b748786eb5b6eab925d050ddafd8a218.jpg","icon":"http://www.appmagics.cn/resources/ar/d16bc483f9c0108aa9bb68279a183d4b.jpg","type":"","price":"","name":"眼睛004"},{"description":"#哈利波图#拍鬼脸啊！","cid":42,"id":278,"mark":0,"image":"http://www.appmagics.cn/resources/ar/01bc1f8695901d42c5dc010190e84daf.jpg","icon":"http://www.appmagics.cn/resources/ar/8b7435b550649dba8934693eecdb77a8.jpg","type":"","price":"","name":"眼睛003"},{"description":"#哈利波图#拍鬼脸啊！","cid":42,"id":277,"mark":0,"image":"http://www.appmagics.cn/resources/ar/039996cd4c7a8fb94fc379e9a10eb959.jpg","icon":"http://www.appmagics.cn/resources/ar/697a2db456e0c8fcc4817a34fc094057.jpg","type":"","price":"","name":"眼睛002"},{"description":"#哈利波图#拍鬼脸啊！","cid":42,"id":276,"mark":0,"image":"http://www.appmagics.cn/resources/ar/5b080cc9690a5f91dd0a8e09b4ad0f1e.jpg","icon":"http://www.appmagics.cn/resources/ar/6e326dd2f671db24aa452cc4cce0a053.jpg","type":"","price":"","name":"眼睛001"}],"page":1,"sinceId":0,"totalRows":6,"totalPages":1,"rows":6}}