{"accessToken":"ad589fd46c1dbea90cfb99c0010e61b4","error":null,"code":200,"refreshToken":"","goods":{"maxId":2147483647,"records":[{"description":"011","cid":34,"id":139,"mark":0,"image":"http://www.appmagics.cn/resources/ar/d00347d0eac56153ccf3affb9727d12e.jpg","icon":"http://www.appmagics.cn/resources/ar/00886e63e2813b07407443d71bc7acd6.jpg","type":"","price":"","name":"011"},{"description":"010","cid":34,"id":138,"mark":0,"image":"http://www.appmagics.cn/resources/ar/5e6d8f76ffbdded07e32bd74ef933e5e.jpg","icon":"http://www.appmagics.cn/resources/ar/47329eb941114a8b9fb899639fa4fc6e.jpg","type":"","price":"","name":"010"},{"description":"009","cid":34,"id":137,"mark":0,"image":"http://www.appmagics.cn/resources/ar/9c0add5436f324f51ad2c8ea183c5f4e.jpg","icon":"http://www.appmagics.cn/resources/ar/b522223a3adc7fe340fe9715f38c14a6.jpg","type":"","price":"","name":"009"},{"description":"008","cid":34,"id":136,"mark":0,"image":"http://www.appmagics.cn/resources/ar/0fc6abd9b89c7c67bf58328ef32acc78.jpg","icon":"http://www.appmagics.cn/resources/ar/a3ef9b471ae15363ba8d213ba896a5aa.jpg","type":"","price":"","name":"008"},{"description":"007","cid":34,"id":135,"mark":0,"image":"http://www.appmagics.cn/resources/ar/b67e62f2dac0c8ec1bf920fe31b8d637.jpg","icon":"http://www.appmagics.cn/resources/ar/a28b77b873c5ad6e06fd6e7edde3e03b.jpg","type":"","price":"","name":"007"},{"description":"006","cid":34,"id":134,"mark":0,"image":"http://www.appmagics.cn/resources/ar/0c062039df258e47c0013e5ae5cbe01f.jpg","icon":"http://www.appmagics.cn/resources/ar/cf075a61ea293c702520ab80033bc57a.jpg","type":"","price":"","name":"006"},{"description":"005","cid":34,"id":133,"mark":0,"image":"http://www.appmagics.cn/resources/ar/729306fd8f0f973239b2ac26d215e97b.jpg","icon":"http://www.appmagics.cn/resources/ar/2fcc3483c737aa2a8712abaa87b039f6.jpg","type":"","price":"","name":"005"},{"description":"004","cid":34,"id":132,"mark":0,"image":"http://www.appmagics.cn/resources/ar/148c2d13de8769337907beaea5d5908c.jpg","icon":"http://www.appmagics.cn/resources/ar/cfbe7cbeb0bfcee17ec03edbcf53710f.jpg","type":"","price":"","name":"004"},{"description":"003","cid":34,"id":131,"mark":0,"image":"http://www.appmagics.cn/resources/ar/77a64aab7fa8fc2b20c0daac675a9ca0.jpg","icon":"http://www.appmagics.cn/resources/ar/fc7f8d113f521886d7ab83fe41baabf6.jpg","type":"","price":"","name":"003"},{"description":"002","cid":34,"id":130,"mark":0,"image":"http://www.appmagics.cn/resources/ar/c260fb7b830f067af85a3c233a3c25d3.jpg","icon":"http://www.appmagics.cn/resources/ar/689fa535c2d5c9f0a9f853f3adbf3ae0.jpg","type":"","price":"","name":"002"},{"description":"001","cid":34,"id":129,"mark":0,"image":"http://www.appmagics.cn/resources/ar/4af8fbb13d1add5272335462806af175.jpg","icon":"http://www.appmagics.cn/resources/ar/330f5a47d85620be5c0b36747d136515.jpg","type":"","price":"","name":"001"}],"page":1,"sinceId":0,"totalRows":11,"totalPages":1,"rows":11}}