{"accessToken":"ad589fd46c1dbea90cfb99c0010e61b4","error":null,"code":200,"refreshToken":"","goods":{"maxId":2147483647,"records":[{"description":"小狗","cid":2,"id":90,"mark":0,"image":"http://www.appmagics.cn/resources/ar/4db70a69b153a3ab00b9bf86c429f22b.jpg","icon":"http://www.appmagics.cn/resources/ar/c256c77468abd5437d3e14d597245b1f.jpg","type":"","price":"","name":"小狗"},{"description":"小狗","cid":2,"id":89,"mark":0,"image":"http://www.appmagics.cn/resources/ar/cc43028b3409e155bb6ff6c9d56b5abb.jpg","icon":"http://www.appmagics.cn/resources/ar/5086665fa78430b6665b5875ac5e9b83.jpg","type":"","price":"","name":"小狗"},{"description":"小狗","cid":2,"id":88,"mark":0,"image":"http://www.appmagics.cn/resources/ar/ee8adcf206cd0a13788bf4e715a9888f.jpg","icon":"http://www.appmagics.cn/resources/ar/e8215a100d79aa44d84ad67707e5fd22.jpg","type":"","price":"","name":"小狗"},{"description":"小狗","cid":2,"id":87,"mark":0,"image":"http://www.appmagics.cn/resources/ar/9b93c3f7f9490a94d8ca052c4cf67c3f.jpg","icon":"http://www.appmagics.cn/resources/ar/ad0767771be30dfd897038678764c76e.jpg","type":"","price":"","name":"小狗"},{"description":"小狗","cid":2,"id":86,"mark":0,"image":"http://www.appmagics.cn/resources/ar/370b063adad9c5b9ee6b1106de819784.jpg","icon":"http://www.appmagics.cn/resources/ar/62d33ffd411c91a0d94043fad7c8be51.jpg","type":"","price":"","name":"小狗"},{"description":"小狗","cid":2,"id":85,"mark":0,"image":"http://www.appmagics.cn/resources/ar/ee131b62a0c8c449e705bb79d9822f58.jpg","icon":"http://www.appmagics.cn/resources/ar/e3fd45ef99d39883203165dd15a83f69.jpg","type":"","price":"","name":"小狗"}],"page":1,"sinceId":0,"totalRows":6,"totalPages":1,"rows":6}}