{"accessToken":"ad589fd46c1dbea90cfb99c0010e61b4","error":null,"code":200,"refreshToken":"","goods":{"maxId":2147483647,"records":[{"description":"帽子015","cid":36,"id":206,"mark":0,"image":"http://www.appmagics.cn/resources/ar/473ed5cf4680d8d506a797c24fcb9533.jpg","icon":"http://www.appmagics.cn/resources/ar/27b5365b33773738cdf0f19a7b54d297.jpg","type":"","price":"","name":"帽子015"},{"description":"帽子014","cid":36,"id":205,"mark":0,"image":"http://www.appmagics.cn/resources/ar/c65e19576c372ff387fbf5cfe2e39f4c.jpg","icon":"http://www.appmagics.cn/resources/ar/3ebc57ec50a771a7432c4a7278b889fb.jpg","type":"","price":"","name":"帽子014"},{"description":"帽子013","cid":36,"id":204,"mark":0,"image":"http://www.appmagics.cn/resources/ar/d46b21dc42ed6cc01b3ec0bf2bf6a3fe.jpg","icon":"http://www.appmagics.cn/resources/ar/7af5d49f9af438605fb82e706a5b3c2d.jpg","type":"","price":"","name":"帽子013"},{"description":"帽子012","cid":36,"id":203,"mark":0,"image":"http://www.appmagics.cn/resources/ar/fa247d0d6e9ec3cc7ae8f00df06687da.jpg","icon":"http://www.appmagics.cn/resources/ar/9d6bb281f6bc5f2ab69229bf9da562a2.jpg","type":"","price":"","name":"帽子012"},{"description":"帽子011","cid":36,"id":178,"mark":0,"image":"http://www.appmagics.cn/resources/ar/33b61a00f32516cb4304c6736d4c622f.jpg","icon":"http://www.appmagics.cn/resources/ar/9c7e8554a80ddadcf842b48dc9264b70.jpg","type":"","price":"","name":"帽子011"},{"description":"帽子010","cid":36,"id":177,"mark":0,"image":"http://www.appmagics.cn/resources/ar/7f0d332364f30bad41e850de111e016f.jpg","icon":"http://www.appmagics.cn/resources/ar/8d24360bb28bdd748ab8d6b4a62194ad.jpg","type":"","price":"","name":"帽子010"},{"description":"帽子009","cid":36,"id":176,"mark":0,"image":"http://www.appmagics.cn/resources/ar/514f2b1d6111ac6f7ffef16a6258fcf2.jpg","icon":"http://www.appmagics.cn/resources/ar/216b717d19022b8a4e12bf7dce114b9d.jpg","type":"","price":"","name":"帽子009"},{"description":"帽子008","cid":36,"id":175,"mark":0,"image":"http://www.appmagics.cn/resources/ar/e3a4c61674ee97e8ffee833a1e4768ba.jpg","icon":"http://www.appmagics.cn/resources/ar/8be1f27b51376c1554ca1c749d5b66ba.jpg","type":"","price":"","name":"帽子008"},{"description":"帽子007","cid":36,"id":174,"mark":0,"image":"http://www.appmagics.cn/resources/ar/a13adf9f51f7ba0e208a7a3409cef773.jpg","icon":"http://www.appmagics.cn/resources/ar/af89287e179ea01953e3b910279beb78.jpg","type":"","price":"","name":"帽子007"},{"description":"帽子006","cid":36,"id":173,"mark":0,"image":"http://www.appmagics.cn/resources/ar/b6aea9c7317bae87073a6d9916d5995f.jpg","icon":"http://www.appmagics.cn/resources/ar/c9e0a6f3222145c5bcc52c21f0ce43fa.jpg","type":"","price":"","name":"帽子006"},{"description":"帽子005","cid":36,"id":172,"mark":0,"image":"http://www.appmagics.cn/resources/ar/0c48db177ccc675f6e1de6aa0e281ef6.jpg","icon":"http://www.appmagics.cn/resources/ar/cfdd552bec040209f81cc060bb10d41a.jpg","type":"","price":"","name":"帽子005"},{"description":"帽子004","cid":36,"id":171,"mark":0,"image":"http://www.appmagics.cn/resources/ar/586cf0b122f0475bc97ac90b0ba80ba1.jpg","icon":"http://www.appmagics.cn/resources/ar/5132e5d791a55c0f9e2cc4301845942c.jpg","type":"","price":"","name":"帽子004"},{"description":"帽子003","cid":36,"id":170,"mark":0,"image":"http://www.appmagics.cn/resources/ar/9130c0ab4870359831d0c6f9e6d21b4c.jpg","icon":"http://www.appmagics.cn/resources/ar/bcc4452845feabf95b77c1f5bbf8979f.jpg","type":"","price":"","name":"帽子003"},{"description":"帽子002","cid":36,"id":169,"mark":0,"image":"http://www.appmagics.cn/resources/ar/dcd52f4adb2e3a4e7f842b7c05d1cd65.jpg","icon":"http://www.appmagics.cn/resources/ar/bf19695858d67387cfad46a3cb2d1bab.jpg","type":"","price":"","name":"帽子002"},{"description":"帽子001","cid":36,"id":168,"mark":0,"image":"http://www.appmagics.cn/resources/ar/2b8546d82d3e7a53a37c55eaa64d0b76.jpg","icon":"http://www.appmagics.cn/resources/ar/2674c9195536c1ea41b8e96565aed8ef.jpg","type":"","price":"","name":"帽子001"},{"description":"002","cid":36,"id":167,"mark":0,"image":"http://www.appmagics.cn/resources/ar/2b418c9713061c3ab5df58b2acf740d4.jpg","icon":"http://www.appmagics.cn/resources/ar/2390355007602bede4057af5f37e988f.jpg","type":"","price":"","name":"002"},{"description":"001","cid":36,"id":166,"mark":0,"image":"http://www.appmagics.cn/resources/ar/74cd67c16472263db475939d10e222cb.jpg","icon":"http://www.appmagics.cn/resources/ar/92de80cc40dd3b9a6b0d88e1164f8e8a.jpg","type":"","price":"","name":"001"}],"page":1,"sinceId":0,"totalRows":17,"totalPages":1,"rows":17}}