{"accessToken":"ad589fd46c1dbea90cfb99c0010e61b4","error":null,"code":200,"refreshToken":"","goods":{"maxId":2147483647,"records":[{"description":"@哈利波图","cid":35,"id":367,"mark":0,"image":"http://www.appmagics.cn/resources/ar/82c9a048766e18a7be1cfe4bb259d3de.jpg","icon":"http://www.appmagics.cn/resources/ar/457890a07e60260ad62d0866b1698b15.jpg","type":"","price":"","name":"古装017"},{"description":"古装016","cid":35,"id":196,"mark":0,"image":"http://www.appmagics.cn/resources/ar/13b0b332707af5265d5a1d1977a98496.jpg","icon":"http://www.appmagics.cn/resources/ar/a6026b101126eca967a70189b64ce2f8.jpg","type":"","price":"","name":"古装016"},{"description":"古装015","cid":35,"id":195,"mark":0,"image":"http://www.appmagics.cn/resources/ar/c09f098ce79f231063f82c997825b3b9.jpg","icon":"http://www.appmagics.cn/resources/ar/4da2fdcbc733fdeddc7300a0af75ce0e.jpg","type":"","price":"","name":"古装015"},{"description":"古装014","cid":35,"id":194,"mark":0,"image":"http://www.appmagics.cn/resources/ar/54057362bf253d695a357b1c2761fd57.jpg","icon":"http://www.appmagics.cn/resources/ar/2386566b4df745ff9fa492e6a4e3ffa0.jpg","type":"","price":"","name":"古装014"},{"description":"古装013","cid":35,"id":193,"mark":0,"image":"http://www.appmagics.cn/resources/ar/8a1ffb5aea7b3d7ffd63541cfa17d526.jpg","icon":"http://www.appmagics.cn/resources/ar/42499ff74b43f4f0b84c05cbf6f8422b.jpg","type":"","price":"","name":"古装013"},{"description":"古装012","cid":35,"id":190,"mark":0,"image":"http://www.appmagics.cn/resources/ar/2a9deda3982dd7d8dda81661d40cbe5e.jpg","icon":"http://www.appmagics.cn/resources/ar/5e2a6e3bc6e7b4c01b067e0d87995d0c.jpg","type":"","price":"","name":"古装012"},{"description":"古装011","cid":35,"id":189,"mark":0,"image":"http://www.appmagics.cn/resources/ar/414c165c86597277a0e2a5b7f50d3f89.jpg","icon":"http://www.appmagics.cn/resources/ar/e5cadc07f3daba5058bc5288d83d2515.jpg","type":"","price":"","name":"古装011"},{"description":"古装010","cid":35,"id":188,"mark":0,"image":"http://www.appmagics.cn/resources/ar/c3a4ddff87d5093bbc105d09eb7b8672.jpg","icon":"http://www.appmagics.cn/resources/ar/b985fe07eb0e1aa1d171e749ea1a6edf.jpg","type":"","price":"","name":"古装010"},{"description":"古装009","cid":35,"id":187,"mark":0,"image":"http://www.appmagics.cn/resources/ar/e632168a00c00d09966709d04c759662.jpg","icon":"http://www.appmagics.cn/resources/ar/a3823c33a652d16edacfc86801d89e33.jpg","type":"","price":"","name":"古装009"},{"description":"古装008","cid":35,"id":186,"mark":0,"image":"http://www.appmagics.cn/resources/ar/2af3372dd78c2300c8c61a66ac596507.jpg","icon":"http://www.appmagics.cn/resources/ar/5a753e0aae16d4870da1d8a7b4e0640d.jpg","type":"","price":"","name":"古装008"},{"description":"古装007","cid":35,"id":182,"mark":0,"image":"http://www.appmagics.cn/resources/ar/193d8ba00d6adcf8927172cc11e9a858.jpg","icon":"http://www.appmagics.cn/resources/ar/6c7c5c59604e33d4a6baf4a917f4486c.jpg","type":"","price":"","name":"古装007"},{"description":"古装006","cid":35,"id":181,"mark":0,"image":"http://www.appmagics.cn/resources/ar/b21cd1bc01567c70376a61a48ab56cbf.jpg","icon":"http://www.appmagics.cn/resources/ar/0a94dc6201442d531ac1469167ca19ab.jpg","type":"","price":"","name":"古装006"},{"description":"古装005","cid":35,"id":179,"mark":0,"image":"http://www.appmagics.cn/resources/ar/abb62f75bc61bb4bac89722293096bf5.jpg","icon":"http://www.appmagics.cn/resources/ar/b5bdd276a513fbec8a5d1a053cae4e6c.jpg","type":"","price":"","name":"古装005"},{"description":"古装004","cid":35,"id":165,"mark":0,"image":"http://www.appmagics.cn/resources/ar/c1455fe807ba5c3f5dfffa6e20926791.jpg","icon":"http://www.appmagics.cn/resources/ar/44cb2a927c6a037360294a93fc0f72c1.jpg","type":"","price":"","name":"古装004"},{"description":"古装003","cid":35,"id":164,"mark":0,"image":"http://www.appmagics.cn/resources/ar/05d0837339105f55998a42e90eb5cfff.jpg","icon":"http://www.appmagics.cn/resources/ar/59fcadcf1f67a8e96880cd8ecb6fa18c.jpg","type":"","price":"","name":"古装003"},{"description":"古装002","cid":35,"id":163,"mark":0,"image":"http://www.appmagics.cn/resources/ar/0629f968cd923166d4858022f41d8289.jpg","icon":"http://www.appmagics.cn/resources/ar/87ddfc0a0f9a94eb9a4498272670a520.jpg","type":"","price":"","name":"古装002"},{"description":"古装001","cid":35,"id":162,"mark":0,"image":"http://www.appmagics.cn/resources/ar/875193284a156e9cc5d74712d4093bfe.jpg","icon":"http://www.appmagics.cn/resources/ar/d53d3f0f7be3ad3814bfe5d94a360f52.jpg","type":"","price":"","name":"古装001"}],"page":1,"sinceId":0,"totalRows":17,"totalPages":1,"rows":17}}