{"accessToken":"ad589fd46c1dbea90cfb99c0010e61b4","error":null,"code":200,"refreshToken":"","goods":{"maxId":2147483647,"records":[{"description":"@哈利波图","cid":43,"id":337,"mark":0,"image":"http://www.appmagics.cn/resources/ar/11968f7895ccf9f42000e2293d71f04a.jpg","icon":"http://www.appmagics.cn/resources/ar/08603358177a07314d899f30ae7134c6.jpg","type":"","price":"","name":"猛兽014"},{"description":"@哈利波图","cid":43,"id":336,"mark":0,"image":"http://www.appmagics.cn/resources/ar/ef9767d7974c52295e35b171b52505c9.jpg","icon":"http://www.appmagics.cn/resources/ar/5bb211772cc352a44dcf9fdcabc7e56c.jpg","type":"","price":"","name":"猛兽013"},{"description":"@哈利波图","cid":43,"id":335,"mark":0,"image":"http://www.appmagics.cn/resources/ar/96f6fe1db7978af0737ddc42de58bced.jpg","icon":"http://www.appmagics.cn/resources/ar/6f125948240bee72119d72a48e3f2dee.jpg","type":"","price":"","name":"猛兽012"},{"description":"@哈利波图","cid":43,"id":334,"mark":0,"image":"http://www.appmagics.cn/resources/ar/62c90fed99a22b3eeff17745cabc4ab6.jpg","icon":"http://www.appmagics.cn/resources/ar/a4c496c182aad3bd07c137227f0e02e1.jpg","type":"","price":"","name":"猛兽011"},{"description":"@哈利波图","cid":43,"id":333,"mark":0,"image":"http://www.appmagics.cn/resources/ar/378c1b240eda8d57aab0dcb11ec224a8.jpg","icon":"http://www.appmagics.cn/resources/ar/550a6f6942c89e82defe46b25bd25696.jpg","type":"","price":"","name":"猛兽010"},{"description":"URL:http://baike.baidu.com/view/8336.htm @哈利波图","cid":43,"id":318,"mark":0,"image":"http://www.appmagics.cn/resources/ar/7961d7132f23f535e75b8b4fa98eb8db.jpg","icon":"http://www.appmagics.cn/resources/ar/0380a1b97fbb1af9fd209a453fd1dd1f.jpg","type":"","price":"","name":"猛兽009"},{"description":"URL:http://baike.baidu.com/view/8336.htm @哈利波图","cid":43,"id":317,"mark":0,"image":"http://www.appmagics.cn/resources/ar/8c4880fced5f276a2dda1d431013f629.jpg","icon":"http://www.appmagics.cn/resources/ar/2bcebcfab44a2a0b97dbb3ec52b2c688.jpg","type":"","price":"","name":"猛兽008"},{"description":"URL:http://baike.baidu.com/view/16610.htm @哈利波图","cid":43,"id":313,"mark":0,"image":"http://www.appmagics.cn/resources/ar/16631bed01fb977a59c7ee01072def98.jpg","icon":"http://www.appmagics.cn/resources/ar/145bca388953f24cf85ea29fbfcd5a0e.jpg","type":"","price":"","name":"猛兽007"},{"description":"URL:http://baike.baidu.com/view/16610.htm @哈利波图","cid":43,"id":312,"mark":0,"image":"http://www.appmagics.cn/resources/ar/be2f6085d7f80a7bb6c986c609cca4f5.jpg","icon":"http://www.appmagics.cn/resources/ar/b53bd8cfbf1e719577535c973037ddb1.jpg","type":"","price":"","name":"猛兽006"},{"description":"URL:http://baike.baidu.com/view/16610.htm @哈利波图","cid":43,"id":311,"mark":0,"image":"http://www.appmagics.cn/resources/ar/6eb22b67542afd589c275903b11f894d.jpg","icon":"http://www.appmagics.cn/resources/ar/d589ee2e8b3d614c180cafa6de0e109d.jpg","type":"","price":"","name":"猛兽005"},{"description":"@哈利波图","cid":43,"id":301,"mark":0,"image":"http://www.appmagics.cn/resources/ar/3440dbcebfb6a62cf2e7172e618e2da5.jpg","icon":"http://www.appmagics.cn/resources/ar/39bfc00ab8c9c6ec21cc205a6100e53a.jpg","type":"","price":"","name":"猛兽004"},{"description":"@哈利波图","cid":43,"id":300,"mark":0,"image":"http://www.appmagics.cn/resources/ar/13c4184bbf8a910c4d328ce9038819a9.jpg","icon":"http://www.appmagics.cn/resources/ar/42e4c37937a991348aca22a55e42a1d9.jpg","type":"","price":"","name":"猛兽003"},{"description":"@哈利波图","cid":43,"id":299,"mark":0,"image":"http://www.appmagics.cn/resources/ar/28d9402863b8b496b1badc6b6708e658.jpg","icon":"http://www.appmagics.cn/resources/ar/2c094a909bef009dfb290550ae065e56.jpg","type":"","price":"","name":"猛兽002"},{"description":"@哈利波图","cid":43,"id":298,"mark":0,"image":"http://www.appmagics.cn/resources/ar/b7ce8c21e1534df0b8c12c0e3cb7d4c5.jpg","icon":"http://www.appmagics.cn/resources/ar/b1f5264dbc05a0afc56bd554e5e038ae.jpg","type":"","price":"","name":"猛兽001"}],"page":1,"sinceId":0,"totalRows":14,"totalPages":1,"rows":14}}