{"accessToken":"ad589fd46c1dbea90cfb99c0010e61b4","error":null,"code":200,"refreshToken":"","goods":{"maxId":2147483647,"records":[{"description":"","cid":37,"id":225,"mark":0,"image":"http://www.appmagics.cn/resources/ar/1984305581867fb603fa605eeea0871a.jpg","icon":"http://www.appmagics.cn/resources/ar/4e109480d2f2303a7fbd563c22200086.jpg","type":"","price":"","name":"蝴蝶014"},{"description":"","cid":37,"id":224,"mark":0,"image":"http://www.appmagics.cn/resources/ar/ffcab0e019ff60cd76109430067f9d51.jpg","icon":"http://www.appmagics.cn/resources/ar/a822c690233d1f02cfb338499a7d1417.jpg","type":"","price":"","name":"蝴蝶013"},{"description":"","cid":37,"id":223,"mark":0,"image":"http://www.appmagics.cn/resources/ar/760e4d49178055cb2c5c51dc4b0cac61.jpg","icon":"http://www.appmagics.cn/resources/ar/531e90430e3be0010d6e58d8474d42b3.jpg","type":"","price":"","name":"蝴蝶012"},{"description":"","cid":37,"id":222,"mark":0,"image":"http://www.appmagics.cn/resources/ar/ce5bb413f2409a590ea5d9d05b378edf.jpg","icon":"http://www.appmagics.cn/resources/ar/4492cf9c8bb38dd9e4c07a5119dea3b6.jpg","type":"","price":"","name":"蝴蝶011"},{"description":"","cid":37,"id":221,"mark":0,"image":"http://www.appmagics.cn/resources/ar/118f2f7d4aec76fb04cf3d992640c391.jpg","icon":"http://www.appmagics.cn/resources/ar/20f30df9116420560bd63b85bb5883c8.jpg","type":"","price":"","name":"蝴蝶010"},{"description":"","cid":37,"id":220,"mark":0,"image":"http://www.appmagics.cn/resources/ar/d5daacf933217bcaa22798daffdc3c1a.jpg","icon":"http://www.appmagics.cn/resources/ar/726ba28179057a612e86c8ffd0dadbb8.jpg","type":"","price":"","name":"蝴蝶009"},{"description":"蝴蝶008","cid":37,"id":211,"mark":0,"image":"http://www.appmagics.cn/resources/ar/693d3b7b718f4c29776bec279645209b.jpg","icon":"http://www.appmagics.cn/resources/ar/9a2c1f24b1b761ab03266e8894de5d9a.jpg","type":"","price":"","name":"蝴蝶008"},{"description":"蝴蝶007","cid":37,"id":210,"mark":0,"image":"http://www.appmagics.cn/resources/ar/3ee23e015c8f1a803980fe5e4ab738b2.jpg","icon":"http://www.appmagics.cn/resources/ar/0af191f9ada0f23319a9a515152f921f.jpg","type":"","price":"","name":"蝴蝶007"},{"description":"蝴蝶006","cid":37,"id":202,"mark":0,"image":"http://www.appmagics.cn/resources/ar/9201481a6cf121a8383b52614a3d93c9.jpg","icon":"http://www.appmagics.cn/resources/ar/c936b193a5a382cb3fa2c2f47577e18e.jpg","type":"","price":"","name":"蝴蝶006"},{"description":"蝴蝶005","cid":37,"id":201,"mark":0,"image":"http://www.appmagics.cn/resources/ar/4e53c3a84a69a4ace1d76f6cf653c4c9.jpg","icon":"http://www.appmagics.cn/resources/ar/0684f66c3059e5b07b7cd50f02e41721.jpg","type":"","price":"","name":"蝴蝶005"},{"description":"蝴蝶004","cid":37,"id":200,"mark":0,"image":"http://www.appmagics.cn/resources/ar/42e8456e2ec81f9794639a0833fc1dae.jpg","icon":"http://www.appmagics.cn/resources/ar/46c853cde0508019b17cb8051cf1a5de.jpg","type":"","price":"","name":"蝴蝶004"},{"description":"蝴蝶003","cid":37,"id":199,"mark":0,"image":"http://www.appmagics.cn/resources/ar/e47a20240960d3ea6d62f5efc3efaa17.jpg","icon":"http://www.appmagics.cn/resources/ar/86d7ea3955de9c2f13324c3a66d275d7.jpg","type":"","price":"","name":"蝴蝶003"},{"description":"蝴蝶002","cid":37,"id":198,"mark":0,"image":"http://www.appmagics.cn/resources/ar/832bc0be19bd4b3f03f788556d4be615.jpg","icon":"http://www.appmagics.cn/resources/ar/22a0428839bfabbb93ba4cf080bd3acc.jpg","type":"","price":"","name":"蝴蝶002"},{"description":"蝴蝶001","cid":37,"id":197,"mark":0,"image":"http://www.appmagics.cn/resources/ar/8257321cbce4b2c6790a7562789b7bd3.jpg","icon":"http://www.appmagics.cn/resources/ar/a79ef3396dc921f612e0de9a601ebe17.jpg","type":"","price":"","name":"蝴蝶001"}],"page":1,"sinceId":0,"totalRows":14,"totalPages":1,"rows":14}}