{"accessToken":"ad589fd46c1dbea90cfb99c0010e61b4","error":null,"code":200,"refreshToken":"","goods":{"maxId":2147483647,"records":[{"description":"我用#哈利波图#拍摄了一张戴面具的照片！","cid":38,"id":261,"mark":0,"image":"http://www.appmagics.cn/resources/ar/041c1a5ac576c81847bceef284afe21d.jpg","icon":"http://www.appmagics.cn/resources/ar/51cd6a69d8657d9d881f50415b590546.jpg","type":"","price":"","name":"面具020"},{"description":"我用#哈利波图#拍摄了一张戴面具的照片！","cid":38,"id":260,"mark":0,"image":"http://www.appmagics.cn/resources/ar/a06d8c5065e2b5ae85bf95e9a96acb61.jpg","icon":"http://www.appmagics.cn/resources/ar/b3373c153baaf5a58cbddfe20a732f23.jpg","type":"","price":"","name":"面具019"},{"description":"我用#哈利波图#拍摄了一张戴面具的照片！","cid":38,"id":259,"mark":0,"image":"http://www.appmagics.cn/resources/ar/87ae28f51cc032408e6491b46eddd325.jpg","icon":"http://www.appmagics.cn/resources/ar/333e0c430ba976f0db3f60476e2d2967.jpg","type":"","price":"","name":"面具018"},{"description":"我用#哈利波图#拍摄了一张戴面具的照片！","cid":38,"id":258,"mark":0,"image":"http://www.appmagics.cn/resources/ar/57493aeeb69070552e328eba662921ee.jpg","icon":"http://www.appmagics.cn/resources/ar/fe3ad5bff82c659e37525c60e1eec357.jpg","type":"","price":"","name":"面具017"},{"description":"我用#哈利波图#拍摄了一张戴面具的照片！","cid":38,"id":233,"mark":0,"image":"http://www.appmagics.cn/resources/ar/676bae8c6f2779ead18afe12acf95200.jpg","icon":"http://www.appmagics.cn/resources/ar/07e508ada92cd60c6b32f0c6ab60a0d5.jpg","type":"","price":"","name":"面具016"},{"description":"我用#哈利波图#拍摄了一张戴面具的照片！","cid":38,"id":232,"mark":0,"image":"http://www.appmagics.cn/resources/ar/bacd773d5870184cab633794cfb16cb3.jpg","icon":"http://www.appmagics.cn/resources/ar/64533053de51805942d74316949d5188.jpg","type":"","price":"","name":"面具014"},{"description":"我用#哈利波图#拍摄了一张戴面具的照片！","cid":38,"id":231,"mark":0,"image":"http://www.appmagics.cn/resources/ar/a4586c4660699c75b69667481c559783.jpg","icon":"http://www.appmagics.cn/resources/ar/3d05150134dad8a4c20f7efcd7be42d9.jpg","type":"","price":"","name":"面具013"},{"description":"我用#哈利波图#拍摄了一张戴面具的照片！","cid":38,"id":230,"mark":0,"image":"http://www.appmagics.cn/resources/ar/0516efbfe137ae26fce5622d7c031cf2.jpg","icon":"http://www.appmagics.cn/resources/ar/e24f55cc226e384368e8f365d3e5a555.jpg","type":"","price":"","name":"面具013"},{"description":"我用#哈利波图#拍摄了一张戴面具的照片！","cid":38,"id":229,"mark":0,"image":"http://www.appmagics.cn/resources/ar/05ca657949e351cb232ca728200c7f3b.jpg","icon":"http://www.appmagics.cn/resources/ar/0916bb58eb4777682941f543a911a34c.jpg","type":"","price":"","name":"面具012"},{"description":"我用#哈利波图#拍摄了一张戴面具的照片！","cid":38,"id":228,"mark":0,"image":"http://www.appmagics.cn/resources/ar/8e21df89ac740bf9a7c1d5420c31cf33.jpg","icon":"http://www.appmagics.cn/resources/ar/a9e0b1f7c47bd0ae827dc6f61ef81571.jpg","type":"","price":"","name":"面具011"},{"description":"我用#哈利波图#拍摄了一张戴面具的照片！","cid":38,"id":227,"mark":0,"image":"http://www.appmagics.cn/resources/ar/2a3c5bfafdb34b727820d7a9e17beb60.jpg","icon":"http://www.appmagics.cn/resources/ar/11adcb7568b7f38bd4f661404994f28f.jpg","type":"","price":"","name":"面具010"},{"description":"我用#哈利波图#拍摄了一张戴面具的照片！","cid":38,"id":226,"mark":0,"image":"http://www.appmagics.cn/resources/ar/205da3fc8998a1bf5d519305ef25f0dc.jpg","icon":"http://www.appmagics.cn/resources/ar/dd6a4e6d1d7f9e2fe9ebf2f0b4d7ca7f.jpg","type":"","price":"","name":"面具009"},{"description":"我用#哈利波图#拍摄了一张戴面具的照片！","cid":38,"id":219,"mark":0,"image":"http://www.appmagics.cn/resources/ar/a49f0e75937b74dbef7fc8ca86565639.jpg","icon":"http://www.appmagics.cn/resources/ar/3c9c2b114415ea1f2e4ca61c67595bff.jpg","type":"","price":"","name":"面具008"},{"description":"我用#哈利波图#拍摄了一张戴面具的照片！","cid":38,"id":218,"mark":0,"image":"http://www.appmagics.cn/resources/ar/f24145374821daea0179cd7fe9f65ffb.jpg","icon":"http://www.appmagics.cn/resources/ar/bbe8113ece095d006f1664963f233231.jpg","type":"","price":"","name":"面具007"},{"description":"我用#哈利波图#拍摄了一张戴面具的照片！","cid":38,"id":217,"mark":0,"image":"http://www.appmagics.cn/resources/ar/dc4ef0fe06edba6fa12974479ab07223.jpg","icon":"http://www.appmagics.cn/resources/ar/3a874319ed7cffa41cd8b6508cc6cec6.jpg","type":"","price":"","name":"面具006"},{"description":"我用#哈利波图#拍摄了一张戴面具的照片！","cid":38,"id":216,"mark":0,"image":"http://www.appmagics.cn/resources/ar/3b5a0b4d77af65ecf44982e726fd8158.jpg","icon":"http://www.appmagics.cn/resources/ar/cc0b968bf49c2352b84384fbb78af427.jpg","type":"","price":"","name":"面具005"},{"description":"我用#哈利波图#拍摄了一张戴面具的照片！","cid":38,"id":215,"mark":0,"image":"http://www.appmagics.cn/resources/ar/6ced44ba208948ec6591bdd03a3ed705.jpg","icon":"http://www.appmagics.cn/resources/ar/82137dea4085a830b577392f50495587.jpg","type":"","price":"","name":"面具004"},{"description":"我用#哈利波图#拍摄了一张戴面具的照片！","cid":38,"id":214,"mark":0,"image":"http://www.appmagics.cn/resources/ar/71b9ac9153ffe8a21d411c08666a23d2.jpg","icon":"http://www.appmagics.cn/resources/ar/2ed5593c3a0aa85cd3ffd6d1f328df91.jpg","type":"","price":"","name":"面具003"},{"description":"我用#哈利波图#拍摄了一张戴面具的照片！","cid":38,"id":213,"mark":0,"image":"http://www.appmagics.cn/resources/ar/306a57f79e9f13e506921cfc9ad97c80.jpg","icon":"http://www.appmagics.cn/resources/ar/9365b024804271b1be9f1fd2675807b3.jpg","type":"","price":"","name":"面具002"},{"description":"我用#哈利波图#拍摄了一张戴面具的照片！","cid":38,"id":212,"mark":0,"image":"http://www.appmagics.cn/resources/ar/796e476c0b941492a37591ad0e8b7337.jpg","icon":"http://www.appmagics.cn/resources/ar/3c82b2324c8ccf33d7d49397e81640d0.jpg","type":"","price":"","name":"面具001"}],"page":1,"sinceId":0,"totalRows":20,"totalPages":1,"rows":20}}