{"accessToken":"ad589fd46c1dbea90cfb99c0010e61b4","error":null,"code":200,"refreshToken":"","goods":{"maxId":2147483647,"records":[{"description":"Shop:http://www.meilele.com/category-diaodeng/goods-39103.html","cid":7,"id":287,"mark":0,"image":"http://www.appmagics.cn/resources/ar/e91e77241f0083d73406fbd05d806735.jpg","icon":"http://www.appmagics.cn/resources/ar/f0c11a3e11d9a52eafa942cc06e05164.jpg","type":"","price":"","name":"家具003"},{"description":"Shop:http://www.meilele.com/category-shafa/goods-24093.html","cid":7,"id":283,"mark":0,"image":"http://www.appmagics.cn/resources/ar/eb8874e89c3b00b05feaac91d5afeddb.jpg","icon":"http://www.appmagics.cn/resources/ar/ac9c934f4887e0d2370c9483f45d62d6.jpg","type":"","price":"","name":"家具001"},{"description":"家具002","cid":7,"id":208,"mark":0,"image":"http://www.appmagics.cn/resources/ar/68b6c5b893bb28400a0308e1c7d141f1.jpg","icon":"http://www.appmagics.cn/resources/ar/86aaaf86efbc545793caa132e98e049d.jpg","type":"","price":"","name":"家具002"},{"description":"春","cid":7,"id":192,"mark":0,"image":"http://www.appmagics.cn/resources/ar/ba5bc898db4085243dfed20a3ef4f5d4.jpg","icon":"http://www.appmagics.cn/resources/ar/e493a60e6642190bbde2500b0324af06.jpg","type":"","price":"","name":"画廊002"},{"description":"喂食","cid":7,"id":191,"mark":0,"image":"http://www.appmagics.cn/resources/ar/9192ec419ceed743b0d8fab9a3f67b6a.jpg","icon":"http://www.appmagics.cn/resources/ar/e386bf988a8005bc21ae68ca2e6e168d.jpg","type":"","price":"","name":"画廊001"},{"description":"手表005","cid":7,"id":149,"mark":0,"image":"http://www.appmagics.cn/resources/ar/ee22329f1622f79c82322107f4a64519.jpg","icon":"http://www.appmagics.cn/resources/ar/181627b2e284976705f6117a2a896708.jpg","type":"","price":"","name":"手表005"},{"description":"手表004","cid":7,"id":148,"mark":0,"image":"http://www.appmagics.cn/resources/ar/d3b05d92c3955f3d1eba4ef2f6f606ba.jpg","icon":"http://www.appmagics.cn/resources/ar/9f3ffad3f401811c8021dcbc8b086323.jpg","type":"","price":"","name":"手表004"},{"description":"手表003","cid":7,"id":147,"mark":0,"image":"http://www.appmagics.cn/resources/ar/06f5c0ad842225f79071d1bfd99073b9.jpg","icon":"http://www.appmagics.cn/resources/ar/16d5408b35b4b4b40ea417d775f7d0c6.jpg","type":"","price":"","name":"手表003"},{"description":"手表002","cid":7,"id":146,"mark":0,"image":"http://www.appmagics.cn/resources/ar/3954241eda2e29b3d1bd50688dbecc4f.jpg","icon":"http://www.appmagics.cn/resources/ar/c0b29b46000ef3a5bdeb956e5f5fcf32.jpg","type":"","price":"","name":"手表002"},{"description":"手表001","cid":7,"id":145,"mark":0,"image":"http://www.appmagics.cn/resources/ar/63f9a87c899ce146a0ce914682ed1cce.jpg","icon":"http://www.appmagics.cn/resources/ar/c4c4c89704704ed9a245c133e00b8fe1.jpg","type":"","price":"","name":"手表001"},{"description":"手机005","cid":7,"id":144,"mark":0,"image":"http://www.appmagics.cn/resources/ar/b1073ec530f2a8c2fa4b6d13d50ea42b.jpg","icon":"http://www.appmagics.cn/resources/ar/96d068a21b845314dc380bb97ef51ad1.jpg","type":"","price":"","name":"手机005"},{"description":"手机004","cid":7,"id":143,"mark":0,"image":"http://www.appmagics.cn/resources/ar/c7bff39e84419d934ca1cb40beb35eca.jpg","icon":"http://www.appmagics.cn/resources/ar/556c7ebcfb4363dcfd122fad81451ff1.jpg","type":"","price":"","name":"手机004"},{"description":"手机003","cid":7,"id":142,"mark":0,"image":"http://www.appmagics.cn/resources/ar/66cfefe5a190268fa712a9e0239974bc.jpg","icon":"http://www.appmagics.cn/resources/ar/675e7c3058516f3d89766d4b38c27019.jpg","type":"","price":"","name":"手机003"},{"description":"手机002","cid":7,"id":141,"mark":0,"image":"http://www.appmagics.cn/resources/ar/d8a4e7a8f8204e8ab4d5138e7b557a26.jpg","icon":"http://www.appmagics.cn/resources/ar/9c25f74f08621e072351c679376b7c06.jpg","type":"","price":"","name":"手机002"},{"description":"手机001","cid":7,"id":140,"mark":0,"image":"http://www.appmagics.cn/resources/ar/93572aacfe3be7bbd213dad64ba219ac.jpg","icon":"http://www.appmagics.cn/resources/ar/2eaec700bd9d5912b73af7dd0ced9a37.jpg","type":"","price":"","name":"手机001"},{"description":"服装","cid":7,"id":33,"mark":0,"image":"http://www.appmagics.cn/resources/ar/948604f8f5b9a4974f26c60523346887.jpg","icon":"http://www.appmagics.cn/resources/ar/d615930fc6be6625cc5b009fa85b3d68.jpg","type":"","price":"","name":"服装"},{"description":"服装","cid":7,"id":32,"mark":0,"image":"http://www.appmagics.cn/resources/ar/ceb1108280ad64d34b67af1b8ab6bdb2.jpg","icon":"http://www.appmagics.cn/resources/ar/bc4e661bb93cd67f4ea5965cfd67f4ba.jpg","type":"","price":"","name":"服装"},{"description":"服装","cid":7,"id":31,"mark":0,"image":"http://www.appmagics.cn/resources/ar/341abf4c9abea41383e42bdbf834dbbe.jpg","icon":"http://www.appmagics.cn/resources/ar/cb842dead598dbe872c8d8fffd88ec31.jpg","type":"","price":"","name":"服装"}],"page":1,"sinceId":0,"totalRows":18,"totalPages":1,"rows":18}}