{"accessToken":"ad589fd46c1dbea90cfb99c0010e61b4","error":null,"code":200,"refreshToken":"","goods":{"maxId":2147483647,"records":[{"description":"","cid":15,"id":26,"mark":0,"image":"http://www.appmagics.cn/resources/ar/fe015d8a4c627a5a9e660ee520883df9.jpg","icon":"http://www.appmagics.cn/resources/ar/fe015d8a4c627a5a9e660ee520883df9.jpg","type":"1","price":"0","name":"维尼"},{"description":"","cid":15,"id":25,"mark":0,"image":"http://www.appmagics.cn/resources/ar/8ee749009977477cb97a76ab76fc165b.jpg","icon":"http://www.appmagics.cn/resources/ar/8ee749009977477cb97a76ab76fc165b.jpg","type":"1","price":"0","name":"老虎"},{"description":"","cid":15,"id":24,"mark":0,"image":"http://www.appmagics.cn/resources/ar/c9fce74c8c249ed2a5335b680389235f.jpg","icon":"http://www.appmagics.cn/resources/ar/c9fce74c8c249ed2a5335b680389235f.jpg","type":"1","price":"0","name":"唐老鸭"},{"description":"","cid":15,"id":23,"mark":0,"image":"http://www.appmagics.cn/resources/ar/bd0cf5ec5ca5eab4af69b1db4594d04d.jpg","icon":"http://www.appmagics.cn/resources/ar/bd0cf5ec5ca5eab4af69b1db4594d04d.jpg","type":"1","price":"0","name":"松鼠"},{"description":"","cid":15,"id":22,"mark":0,"image":"http://www.appmagics.cn/resources/ar/1a6898a7be43a21ffe749fb37d1d85a9.jpg","icon":"http://www.appmagics.cn/resources/ar/1a6898a7be43a21ffe749fb37d1d85a9.jpg","type":"1","price":"0","name":"迪士尼"},{"description":"","cid":15,"id":21,"mark":0,"image":"http://www.appmagics.cn/resources/ar/b2d5380acfe2a3027eee1241f1c208db.jpg","icon":"http://www.appmagics.cn/resources/ar/b2d5380acfe2a3027eee1241f1c208db.jpg","type":"1","price":"0","name":"米老鼠"},{"description":"","cid":15,"id":20,"mark":0,"image":"http://www.appmagics.cn/resources/ar/13ef10bb53e7b421d72b3c7ea8de743f.jpg","icon":"http://www.appmagics.cn/resources/ar/13ef10bb53e7b421d72b3c7ea8de743f.jpg","type":"1","price":"0","name":"驴"},{"description":"","cid":15,"id":19,"mark":0,"image":"http://www.appmagics.cn/resources/ar/83a4822bdff966cb0974bc29e939fc8f.jpg","icon":"http://www.appmagics.cn/resources/ar/83a4822bdff966cb0974bc29e939fc8f.jpg","type":"1","price":"0","name":"公主"},{"description":"","cid":15,"id":18,"mark":0,"image":"http://www.appmagics.cn/resources/ar/ff8a59046d7cf31ac86454622df2bc34.jpg","icon":"http://www.appmagics.cn/resources/ar/ff8a59046d7cf31ac86454622df2bc34.jpg","type":"1","price":"0","name":"公主"},{"description":"","cid":15,"id":17,"mark":0,"image":"http://www.appmagics.cn/resources/ar/4c58b52f4d40db1b38e45e43ffb1998b.jpg","icon":"http://www.appmagics.cn/resources/ar/4c58b52f4d40db1b38e45e43ffb1998b.jpg","type":"1","price":"0","name":"dog2"},{"description":"","cid":15,"id":16,"mark":0,"image":"http://www.appmagics.cn/resources/ar/932f1c7497f7b9961543c9959ba7c80c.jpg","icon":"http://www.appmagics.cn/resources/ar/932f1c7497f7b9961543c9959ba7c80c.jpg","type":"1","price":"0","name":"dog1"},{"description":"","cid":15,"id":15,"mark":0,"image":"http://www.appmagics.cn/resources/ar/4a551767006bf3d74a302236ccaaac32.jpg","icon":"http://www.appmagics.cn/resources/ar/4a551767006bf3d74a302236ccaaac32.jpg","type":"1","price":"0","name":"diss"},{"description":"","cid":15,"id":14,"mark":0,"image":"http://www.appmagics.cn/resources/ar/00583d733ba28968d345da76b6f7f16c.jpg","icon":"http://www.appmagics.cn/resources/ar/00583d733ba28968d345da76b6f7f16c.jpg","type":"1","price":"0","name":"迪士尼"},{"description":"","cid":15,"id":13,"mark":0,"image":"http://www.appmagics.cn/resources/ar/896889a14573df12b467b7f2cbe9faf0.jpg","icon":"http://www.appmagics.cn/resources/ar/896889a14573df12b467b7f2cbe9faf0.jpg","type":"1","price":"0","name":"白雪公主"}],"page":1,"sinceId":0,"totalRows":14,"totalPages":1,"rows":14}}