{"accessToken":"ad589fd46c1dbea90cfb99c0010e61b4","error":null,"code":200,"refreshToken":"","goods":{"maxId":2147483647,"records":[{"description":"@哈利波图","cid":31,"id":329,"mark":0,"image":"http://www.appmagics.cn/resources/ar/6e29ea35b216a94910fa6d66c184d65a.jpg","icon":"http://www.appmagics.cn/resources/ar/c56efd4805e767074e67776bcd719811.jpg","type":"","price":"","name":"008"},{"description":"@哈利波图","cid":31,"id":328,"mark":0,"image":"http://www.appmagics.cn/resources/ar/1366300dc86686b32cdd87d2ea3e9a86.jpg","icon":"http://www.appmagics.cn/resources/ar/ebf992459c287424dedbbd3d4b6475f4.jpg","type":"","price":"","name":"007"},{"description":"@哈利波图 V6菱仕 URL:http://v6.soueast-motor.com","cid":31,"id":307,"mark":0,"image":"http://www.appmagics.cn/resources/ar/6dbb9ba7408c114e88afccdf4464c9a7.jpg","icon":"http://www.appmagics.cn/resources/ar/708406992b31d7428e07ca66c1d8dec2.jpg","type":"","price":"","name":"汽车006"},{"description":"@哈利波图 V6菱仕 URL:http://v6.soueast-motor.com","cid":31,"id":306,"mark":0,"image":"http://www.appmagics.cn/resources/ar/4edf5d7f6305bd5957f7ea204c5ea9e4.jpg","icon":"http://www.appmagics.cn/resources/ar/1898d0f4ebf64fea5e84745497936590.jpg","type":"","price":"","name":"汽车005"},{"description":"@哈利波图 V6菱仕 URL:http://v6.soueast-motor.com","cid":31,"id":305,"mark":0,"image":"http://www.appmagics.cn/resources/ar/fbd3abcc84882c8c720dc1eeebcb14ab.jpg","icon":"http://www.appmagics.cn/resources/ar/25aa652973532a2ded99b163e2937095.jpg","type":"","price":"","name":"汽车004"},{"description":"003","cid":31,"id":123,"mark":0,"image":"http://www.appmagics.cn/resources/ar/a961f684e4a10d06a7ecb889156de5fa.jpg","icon":"http://www.appmagics.cn/resources/ar/66c61797bf99c33e1954913c238d68b0.jpg","type":"","price":"","name":"003"},{"description":"002","cid":31,"id":122,"mark":0,"image":"http://www.appmagics.cn/resources/ar/563bf6f4e3cc27d6f42d6acd5605d2b9.jpg","icon":"http://www.appmagics.cn/resources/ar/27b9807022594e799df5581530e70394.jpg","type":"","price":"","name":"002"},{"description":"001","cid":31,"id":121,"mark":0,"image":"http://www.appmagics.cn/resources/ar/bf08bdad4d641d049cde3747ed691f2c.jpg","icon":"http://www.appmagics.cn/resources/ar/64f09f79446b8604d65791a93681fcef.jpg","type":"","price":"","name":"001"},{"description":"Aston","cid":31,"id":97,"mark":0,"image":"http://www.appmagics.cn/resources/ar/488753dc8606aa8e958063dbb48559f5.jpg","icon":"http://www.appmagics.cn/resources/ar/8cd1917056f9ed58f4bf314168283802.jpg","type":"","price":"","name":"阿斯顿"},{"description":"swiss","cid":31,"id":95,"mark":0,"image":"http://www.appmagics.cn/resources/ar/e2ae187d8037a156fdc669ef3ef15483.jpg","icon":"http://www.appmagics.cn/resources/ar/f8209a877aed5f0c75ef9e18714c21cf.jpg","type":"","price":"","name":"内饰"},{"description":"Beauty","cid":31,"id":93,"mark":0,"image":"http://www.appmagics.cn/resources/ar/622156226bed2b4eb0ff7c3a36d00650.jpg","icon":"http://www.appmagics.cn/resources/ar/0b00c97f044e04e8a404d6618e88281e.jpg","type":"","price":"","name":"美女"},{"description":"Z4","cid":31,"id":92,"mark":0,"image":"http://www.appmagics.cn/resources/ar/e2c8aec3023f3567a1b9f81f28743a58.jpg","icon":"http://www.appmagics.cn/resources/ar/8871fd04fa70cd8e323a33ec6acfb18e.jpg","type":"","price":"","name":"宝马"}],"page":1,"sinceId":0,"totalRows":12,"totalPages":1,"rows":12}}