{"accessToken":"ad589fd46c1dbea90cfb99c0010e61b4","error":null,"code":200,"refreshToken":"","goods":{"maxId":2147483647,"records":[{"description":"眼镜","cid":23,"id":74,"mark":0,"image":"http://www.appmagics.cn/resources/ar/70cd01b1f9b09d603f95c050cb85b0a7.jpg","icon":"http://www.appmagics.cn/resources/ar/f79f688ec99d0786ad71a3ab0e78624f.jpg","type":"","price":"","name":"眼镜"},{"description":"","cid":23,"id":9,"mark":0,"image":"http://www.appmagics.cn/resources/ar/8891d0a19f0202d2f4ebd61b13ecdcc5.jpg","icon":"http://www.appmagics.cn/resources/ar/8891d0a19f0202d2f4ebd61b13ecdcc5.jpg","type":"2","price":"0","name":"眼镜"},{"description":"","cid":23,"id":8,"mark":0,"image":"http://www.appmagics.cn/resources/ar/b533715325d2b211ec51545b1398b95d.jpg","icon":"http://www.appmagics.cn/resources/ar/b533715325d2b211ec51545b1398b95d.jpg","type":"2","price":"0","name":"眼镜"}],"page":1,"sinceId":0,"totalRows":3,"totalPages":1,"rows":3}}