{"accessToken":"ad589fd46c1dbea90cfb99c0010e61b4","error":null,"code":200,"refreshToken":"","goods":{"maxId":2147483647,"records":[{"description":"@哈利波图","cid":46,"id":366,"mark":0,"image":"http://www.appmagics.cn/resources/ar/ce8ea6065d94068bfe8a9bf33ea34403.jpg","icon":"http://www.appmagics.cn/resources/ar/4cd570c7b4ef696591dad0e8fcb5867d.jpg","type":"","price":"","name":"万圣节011"},{"description":"@哈利波图","cid":46,"id":365,"mark":0,"image":"http://www.appmagics.cn/resources/ar/418cd13056c47f7c33ba81fad98e5e08.jpg","icon":"http://www.appmagics.cn/resources/ar/5cb694a2cb22b5a0db50954aa6b66c1b.jpg","type":"","price":"","name":"万圣节010"},{"description":"@哈利波图","cid":46,"id":364,"mark":0,"image":"http://www.appmagics.cn/resources/ar/fc273eb870253aae892acfe198afe1cd.jpg","icon":"http://www.appmagics.cn/resources/ar/acfcfeb05ae398ddb6bbee50e311f6e8.jpg","type":"","price":"","name":"万圣节009"},{"description":"@哈利波图","cid":46,"id":363,"mark":0,"image":"http://www.appmagics.cn/resources/ar/f3c6b9f2116ee6bd3f6fb7715a414266.jpg","icon":"http://www.appmagics.cn/resources/ar/d3d374425409d6abcb8e230c68204f11.jpg","type":"","price":"","name":"万圣节008"},{"description":"@哈利波图","cid":46,"id":362,"mark":0,"image":"http://www.appmagics.cn/resources/ar/db03ad2b121a695840bbd32639380f69.jpg","icon":"http://www.appmagics.cn/resources/ar/bd2f7e28da80262d6e692f9384d22683.jpg","type":"","price":"","name":"万圣节007"},{"description":"@哈利波图","cid":46,"id":361,"mark":0,"image":"http://www.appmagics.cn/resources/ar/5c65b42ef3f28a5bf0ae43b4c953791d.jpg","icon":"http://www.appmagics.cn/resources/ar/6dbcc6cda17be3e6716c88601cfc208b.jpg","type":"","price":"","name":"万圣节006"},{"description":"@哈利波图","cid":46,"id":360,"mark":0,"image":"http://www.appmagics.cn/resources/ar/df0dee80df8f8e93be90c12c77bb361c.jpg","icon":"http://www.appmagics.cn/resources/ar/5ab7c9b86180619f55e97e0481e635c4.jpg","type":"","price":"","name":"万圣节005"},{"description":"@哈利波图","cid":46,"id":359,"mark":0,"image":"http://www.appmagics.cn/resources/ar/7a54e089247610ef1fe3c61107236130.jpg","icon":"http://www.appmagics.cn/resources/ar/905b39ed4a3019528fc90e0dd4bce2bb.jpg","type":"","price":"","name":"万圣节004"},{"description":"@哈利波图","cid":46,"id":358,"mark":0,"image":"http://www.appmagics.cn/resources/ar/e40c12692b7b9a52958a663e1007c233.jpg","icon":"http://www.appmagics.cn/resources/ar/db49e18fa83fc40310300c2cf7c25741.jpg","type":"","price":"","name":"万圣节003"},{"description":"@哈利波图","cid":46,"id":357,"mark":0,"image":"http://www.appmagics.cn/resources/ar/29f155ce2b8ea91f722910a7d4e8e08d.jpg","icon":"http://www.appmagics.cn/resources/ar/b2f48df8f3c96a08b2afb8fbd969118d.jpg","type":"","price":"","name":"万圣节002"},{"description":"@哈利波图","cid":46,"id":356,"mark":0,"image":"http://www.appmagics.cn/resources/ar/b3086d1e683c174a968075677a0a4b42.jpg","icon":"http://www.appmagics.cn/resources/ar/05d91c892f3a52ee927f431a1b165d51.jpg","type":"","price":"","name":"万圣节001"},{"description":"@哈利波图","cid":46,"id":355,"mark":0,"image":"http://www.appmagics.cn/resources/ar/f6e860df13d4ad6020bb0710b75e177a.jpg","icon":"http://www.appmagics.cn/resources/ar/56c55c011128cf171b4916ce82adda26.jpg","type":"","price":"","name":"万圣节000"}],"page":1,"sinceId":0,"totalRows":12,"totalPages":1,"rows":12}}