{"accessToken":"ad589fd46c1dbea90cfb99c0010e61b4","error":null,"code":200,"refreshToken":"","goods":{"maxId":2147483647,"records":[{"description":"@哈利波图","cid":40,"id":297,"mark":0,"image":"http://www.appmagics.cn/resources/ar/160b48ba5d1154feb52edd635cf3cd50.jpg","icon":"http://www.appmagics.cn/resources/ar/8372b5dc52bc6d160256772f0e0fef30.jpg","type":"","price":"","name":"恐龙017"},{"description":"#哈利波图#拍摄到史前恐龙！","cid":40,"id":291,"mark":0,"image":"http://www.appmagics.cn/resources/ar/a9e61df62ecba38f2a08767aaaa89289.jpg","icon":"http://www.appmagics.cn/resources/ar/4185e2b7cde145d855c8d9d9bfa59ee1.jpg","type":"","price":"","name":"恐龙016"},{"description":"#哈利波图#拍摄到史前恐龙！","cid":40,"id":290,"mark":0,"image":"http://www.appmagics.cn/resources/ar/abd8ab1f3647a617b4a925797dfec663.jpg","icon":"http://www.appmagics.cn/resources/ar/a85d2215d2f16ede9008bab9f619609d.jpg","type":"","price":"","name":"恐龙015"},{"description":"#哈利波图#拍摄到史前恐龙！","cid":40,"id":289,"mark":0,"image":"http://www.appmagics.cn/resources/ar/442cc13be65a53a02fcfb00321f7fd56.jpg","icon":"http://www.appmagics.cn/resources/ar/d0845098bf48ef63787eb927a7c13411.jpg","type":"","price":"","name":"恐龙014"},{"description":"URL:http://baike.baidu.com/view/77946.htm","cid":40,"id":288,"mark":0,"image":"http://www.appmagics.cn/resources/ar/e45292a35baff76ac9a32326a8de8311.jpg","icon":"http://www.appmagics.cn/resources/ar/489909eab36715aa6c5ea7aeebdb4ece.jpg","type":"","price":"","name":"恐龙013"},{"description":"#哈利波图#拍摄到史前恐龙！","cid":40,"id":286,"mark":0,"image":"http://www.appmagics.cn/resources/ar/895382691c328ac8b702e0cf1a366081.jpg","icon":"http://www.appmagics.cn/resources/ar/95457447102f878ef3562f2145cfda2e.jpg","type":"","price":"","name":"恐龙012"},{"description":"URL:http://baike.baidu.com/view/44281.htm","cid":40,"id":285,"mark":0,"image":"http://www.appmagics.cn/resources/ar/873104564e18891ce6d13a2508f45797.jpg","icon":"http://www.appmagics.cn/resources/ar/9142efd3eca0e5a284727cbaf752dd7c.jpg","type":"","price":"","name":"恐龙011"},{"description":"#哈利波图#拍摄到史前恐龙！","cid":40,"id":282,"mark":0,"image":"http://www.appmagics.cn/resources/ar/059dbaf5d67997122ce196240bb2c67f.jpg","icon":"http://www.appmagics.cn/resources/ar/7b3cfa86efb6252be74f6207adf67aab.jpg","type":"","price":"","name":"恐龙009"},{"description":"#哈利波图#拍摄到史前恐龙！","cid":40,"id":281,"mark":0,"image":"http://www.appmagics.cn/resources/ar/a93d5e11e652087ae48df18f0e1a29e5.jpg","icon":"http://www.appmagics.cn/resources/ar/62df2726a45427c5a696ca99727e274f.jpg","type":"","price":"","name":"恐龙009"},{"description":"#哈利波图#拍摄到史前恐龙！","cid":40,"id":280,"mark":0,"image":"http://www.appmagics.cn/resources/ar/8a1789b4bc0cdcd32a5575bad4b403c8.jpg","icon":"http://www.appmagics.cn/resources/ar/09028250818d312da4681b5893551ec5.jpg","type":"","price":"","name":"恐龙008"},{"description":"#哈利波图#拍摄到史前恐龙！","cid":40,"id":279,"mark":0,"image":"http://www.appmagics.cn/resources/ar/f630b32cfaa5d7bf6c824ff4ed8bb8b6.jpg","icon":"http://www.appmagics.cn/resources/ar/418d20950645d3ba6e38f29d1e5326b2.jpg","type":"","price":"","name":"恐龙007"},{"description":"#哈利波图#拍摄到史前恐龙！","cid":40,"id":263,"mark":0,"image":"http://www.appmagics.cn/resources/ar/c328a16efc07c7f780c577e826dc8488.jpg","icon":"http://www.appmagics.cn/resources/ar/a1bee76c23591d921952e2b5c62963c8.jpg","type":"","price":"","name":"恐龙006"},{"description":"#哈利波图#拍摄到史前恐龙！","cid":40,"id":262,"mark":0,"image":"http://www.appmagics.cn/resources/ar/568957cd30c4568b6fd529d4ea392447.jpg","icon":"http://www.appmagics.cn/resources/ar/dc17e1052fd27ad195281197a157d82b.jpg","type":"","price":"","name":"恐龙005"},{"description":"#哈利波图#拍摄到史前恐龙！","cid":40,"id":257,"mark":0,"image":"http://www.appmagics.cn/resources/ar/b0cfe25869826698f621fcb84c28c109.jpg","icon":"http://www.appmagics.cn/resources/ar/263b708c834abe2a36fa3b4629561ee1.jpg","type":"","price":"","name":"恐龙004"},{"description":"#哈利波图#拍摄到史前恐龙！","cid":40,"id":256,"mark":0,"image":"http://www.appmagics.cn/resources/ar/ea5ef417b107abfb1dda50d2248a008b.jpg","icon":"http://www.appmagics.cn/resources/ar/85ef7fa751b612353be67436e07e0640.jpg","type":"","price":"","name":"恐龙003"},{"description":"#哈利波图#拍摄到史前恐龙！","cid":40,"id":255,"mark":0,"image":"http://www.appmagics.cn/resources/ar/b631e5aaa0ea0b940628a71279e94bb7.jpg","icon":"http://www.appmagics.cn/resources/ar/cad0739954185e844f66581e3033ff81.jpg","type":"","price":"","name":"恐龙002"},{"description":"#哈利波图#拍摄到史前恐龙！","cid":40,"id":254,"mark":0,"image":"http://www.appmagics.cn/resources/ar/e729fac62575876388f98eccab97f379.jpg","icon":"http://www.appmagics.cn/resources/ar/d2f1495837329f3823eef5e3017ab53c.jpg","type":"","price":"","name":"恐龙001"}],"page":1,"sinceId":0,"totalRows":17,"totalPages":1,"rows":17}}