{"accessToken":"ad589fd46c1dbea90cfb99c0010e61b4","error":null,"code":200,"refreshToken":"","goods":{"maxId":2147483647,"records":[{"description":"@哈利波图","cid":45,"id":354,"mark":0,"image":"http://www.appmagics.cn/resources/ar/1414eef6926114435e781a7823a9b6e4.jpg","icon":"http://www.appmagics.cn/resources/ar/56875ff2dc578d20e83d6242b0889767.jpg","type":"","price":"","name":"魔法019"},{"description":"@哈利波图","cid":45,"id":353,"mark":0,"image":"http://www.appmagics.cn/resources/ar/86b2664f491a5241b0562b58437f041d.jpg","icon":"http://www.appmagics.cn/resources/ar/c8f861d449625dfec3baa71cbfff015d.jpg","type":"","price":"","name":"魔法018"},{"description":"@哈利波图","cid":45,"id":352,"mark":0,"image":"http://www.appmagics.cn/resources/ar/ca93f0eb05865d22dddffff83d640956.jpg","icon":"http://www.appmagics.cn/resources/ar/6fad034d2f9f635609171ca97b74fae8.jpg","type":"","price":"","name":"魔法017"},{"description":"@哈利波图","cid":45,"id":351,"mark":0,"image":"http://www.appmagics.cn/resources/ar/73143c5bd237aa732d709c7fedbba903.jpg","icon":"http://www.appmagics.cn/resources/ar/9ae5d7dfb0320554a1758d73032b6a43.jpg","type":"","price":"","name":"魔法016"},{"description":"@哈利波图","cid":45,"id":350,"mark":0,"image":"http://www.appmagics.cn/resources/ar/9c726df19c09f83f2bdc44f98f3d43e4.jpg","icon":"http://www.appmagics.cn/resources/ar/218efa49164a0e78ddfbd88d6069bd35.jpg","type":"","price":"","name":"魔法015"},{"description":"@哈利波图","cid":45,"id":349,"mark":0,"image":"http://www.appmagics.cn/resources/ar/7937402fef8faa4996ecb5e77cdd6f44.jpg","icon":"http://www.appmagics.cn/resources/ar/36b0f3509fe3057b7d31b33f4f0b8746.jpg","type":"","price":"","name":"魔法014"},{"description":"@哈利波图","cid":45,"id":348,"mark":0,"image":"http://www.appmagics.cn/resources/ar/4948ba04ef62e0180a30bdc8185f6769.jpg","icon":"http://www.appmagics.cn/resources/ar/3c76858fc1203e936cd4026bcc0a6107.jpg","type":"","price":"","name":"魔法013"},{"description":"@哈利波图","cid":45,"id":347,"mark":0,"image":"http://www.appmagics.cn/resources/ar/fc078919d1231d6476709fb4e84e3478.jpg","icon":"http://www.appmagics.cn/resources/ar/f3cb32a2c45bf7f7a3d6bc0ab9367047.jpg","type":"","price":"","name":"魔法012"},{"description":"@哈利波图","cid":45,"id":346,"mark":0,"image":"http://www.appmagics.cn/resources/ar/3b9919551e4baf584e5172ad919d7253.jpg","icon":"http://www.appmagics.cn/resources/ar/4237a69a25fba56825b03ca2bd33aac7.jpg","type":"","price":"","name":"魔法011"},{"description":"@哈利波图","cid":45,"id":345,"mark":0,"image":"http://www.appmagics.cn/resources/ar/a69efc972e496ccb03a8ee31d0adbcd2.jpg","icon":"http://www.appmagics.cn/resources/ar/62db163b6e1112d73a2fe2f8956b9a80.jpg","type":"","price":"","name":"魔法010"},{"description":"@哈利波图","cid":45,"id":344,"mark":0,"image":"http://www.appmagics.cn/resources/ar/a962f2adb8813ab7d5019c517ed2c09b.jpg","icon":"http://www.appmagics.cn/resources/ar/d46d6c777361ee4c170c368ec981d44c.jpg","type":"","price":"","name":"魔法009"},{"description":"@哈利波图","cid":45,"id":343,"mark":0,"image":"http://www.appmagics.cn/resources/ar/b23067f757c66f4c181a5dd51bf90252.jpg","icon":"http://www.appmagics.cn/resources/ar/749aba119ffa52f8cd733cf64aa184c1.jpg","type":"","price":"","name":"魔法008"},{"description":"@哈利波图","cid":45,"id":342,"mark":0,"image":"http://www.appmagics.cn/resources/ar/1195424bc344b8bee60741747974fdf6.jpg","icon":"http://www.appmagics.cn/resources/ar/23ab5fb90442a5357a29caf24329dfa4.jpg","type":"","price":"","name":"魔法007"},{"description":"@哈利波图","cid":45,"id":327,"mark":0,"image":"http://www.appmagics.cn/resources/ar/84bc08bfe4241268efd9b049dc649be0.jpg","icon":"http://www.appmagics.cn/resources/ar/10d78b73cd126ac8c0c13c81c03b7f37.jpg","type":"","price":"","name":"魔法006"},{"description":"@哈利波图","cid":45,"id":326,"mark":0,"image":"http://www.appmagics.cn/resources/ar/ddfddb6d27cc03748d2b0eb8f255dbcc.jpg","icon":"http://www.appmagics.cn/resources/ar/a761a68c636e2383f485b92f24b79dbc.jpg","type":"","price":"","name":"魔法005"},{"description":"@哈利波图","cid":45,"id":325,"mark":0,"image":"http://www.appmagics.cn/resources/ar/27b7cd69321167d450ed8899e403021b.jpg","icon":"http://www.appmagics.cn/resources/ar/1146d0162fb49f2713ed15a62a44c862.jpg","type":"","price":"","name":"魔法004"},{"description":"@哈利波图","cid":45,"id":324,"mark":0,"image":"http://www.appmagics.cn/resources/ar/16c908f0f39251f5ca40e067daa9fab2.jpg","icon":"http://www.appmagics.cn/resources/ar/dbf0a68c7996e7b2685506eca3d6f194.jpg","type":"","price":"","name":"魔法003"},{"description":"@哈利波图","cid":45,"id":323,"mark":0,"image":"http://www.appmagics.cn/resources/ar/9f218be5f56015074af551151e2e1f88.jpg","icon":"http://www.appmagics.cn/resources/ar/d83d749e687d8ceaa1b6a5e863fa0ae4.jpg","type":"","price":"","name":"魔法002"},{"description":"@哈利波图","cid":45,"id":322,"mark":0,"image":"http://www.appmagics.cn/resources/ar/89e8ef902639091aa59ed85f9f957f0e.jpg","icon":"http://www.appmagics.cn/resources/ar/71967b5f4ca27a073cc7e3d0077ee679.jpg","type":"","price":"","name":"魔法001"}],"page":1,"sinceId":0,"totalRows":19,"totalPages":1,"rows":19}}