{"accessToken":"ad589fd46c1dbea90cfb99c0010e61b4","error":null,"code":200,"refreshToken":"","goods":{"maxId":2147483647,"records":[{"description":"001","cid":29,"id":127,"mark":0,"image":"http://www.appmagics.cn/resources/ar/1a0513083e0058c0236462c190dd2c40.jpg","icon":"http://www.appmagics.cn/resources/ar/7269abe262e7c46e190572fa53d13af1.jpg","type":"","price":"","name":"001"},{"description":"001","cid":29,"id":126,"mark":0,"image":"http://www.appmagics.cn/resources/ar/97ecae5b1795ab19ed0a69e2bc687203.jpg","icon":"http://www.appmagics.cn/resources/ar/e1dfa597cf52298a3f18d43fa8717343.jpg","type":"","price":"","name":"001"},{"description":"","cid":29,"id":44,"mark":0,"image":"http://www.appmagics.cn/resources/ar/0a9124ea9d5c8884cd0614d8c754d58c.jpg","icon":"http://www.appmagics.cn/resources/ar/f89346e0532c7c7095a7d6ab1686fb51.jpg","type":"","price":"","name":"戒指"},{"description":"","cid":29,"id":43,"mark":0,"image":"http://www.appmagics.cn/resources/ar/77159216f26f16ce46b799756818affa.jpg","icon":"http://www.appmagics.cn/resources/ar/95e36f0f5a568011fc998e35fa161e01.jpg","type":"","price":"","name":"戒指"},{"description":"","cid":29,"id":42,"mark":0,"image":"http://www.appmagics.cn/resources/ar/758c4e901d25e3995b41042d2aafb8f5.jpg","icon":"http://www.appmagics.cn/resources/ar/55addcaca9f618572f43ded69f36faef.jpg","type":"","price":"","name":"戒指"},{"description":"","cid":29,"id":40,"mark":0,"image":"http://www.appmagics.cn/resources/ar/0e38f708db4b388a18cc12b21a592601.jpg","icon":"http://www.appmagics.cn/resources/ar/731e55a2878531699bd8494819cfd86e.jpg","type":"","price":"","name":"项链"},{"description":"","cid":29,"id":39,"mark":0,"image":"http://www.appmagics.cn/resources/ar/d6eeb1dd2415146f711a525802d58905.jpg","icon":"http://www.appmagics.cn/resources/ar/bec1a48cffc268a7a834d01a393a623b.jpg","type":"","price":"","name":"项链"},{"description":"","cid":29,"id":38,"mark":0,"image":"http://www.appmagics.cn/resources/ar/bae4cac5ad6408a8051033a4478bd360.jpg","icon":"http://www.appmagics.cn/resources/ar/1d08022a47eeae80da9447aeff909f5e.jpg","type":"","price":"","name":"项链"}],"page":1,"sinceId":0,"totalRows":8,"totalPages":1,"rows":8}}