{"accessToken":"ad589fd46c1dbea90cfb99c0010e61b4","error":null,"code":200,"refreshToken":"","goods":{"maxId":2147483647,"records":[{"description":"URL:http://baike.baidu.com/view/166348.htm #姚贝娜##中国好声音# @哈利波图","cid":41,"id":321,"mark":0,"image":"http://www.appmagics.cn/resources/ar/49bf7a0ce7d7a5f3df3e92fc80264bd1.jpg","icon":"http://www.appmagics.cn/resources/ar/40b1819308267643cac23118f4883b4a.jpg","type":"","price":"","name":"名人013"},{"description":"URL:http://baike.baidu.com/view/166348.htm #姚贝娜##中国好声音# @哈利波图","cid":41,"id":320,"mark":0,"image":"http://www.appmagics.cn/resources/ar/cfb092e182c74eaa40d306852f71f773.jpg","icon":"http://www.appmagics.cn/resources/ar/2c2911bf254430093aee74c37a3ae98c.jpg","type":"","price":"","name":"名人012"},{"description":"URL:http://baike.baidu.com/view/18282.htm #那英##中国好声音# @哈利波图","cid":41,"id":319,"mark":0,"image":"http://www.appmagics.cn/resources/ar/1a5b552ae45b108aa2af7f231e38bfdb.jpg","icon":"http://www.appmagics.cn/resources/ar/4c3bdc09de704bc8ce29c092c5a181b1.jpg","type":"","price":"","name":"名人011"},{"description":"#哈利波图#与大人物合影！","cid":41,"id":273,"mark":0,"image":"http://www.appmagics.cn/resources/ar/28aa7529483386bb66c77c0c54a00a00.jpg","icon":"http://www.appmagics.cn/resources/ar/ae34e31f26e6692d0a5f6a0198b2e47d.jpg","type":"","price":"","name":"名人010"},{"description":"#哈利波图#与大人物合影！","cid":41,"id":272,"mark":0,"image":"http://www.appmagics.cn/resources/ar/8d3c2fa3f87c63e14161c6813ec9b7be.jpg","icon":"http://www.appmagics.cn/resources/ar/2dbaae67b09480c9c2dcd81d21da7268.jpg","type":"","price":"","name":"名人009"},{"description":"#哈利波图#与大人物合影！","cid":41,"id":271,"mark":0,"image":"http://www.appmagics.cn/resources/ar/2eb7dfcf3c56d2883a78f53ffdf956f8.jpg","icon":"http://www.appmagics.cn/resources/ar/484ae0cd201dc0fd19ecbcc9debf8e4a.jpg","type":"","price":"","name":"名人008"},{"description":"#哈利波图#与大人物合影！","cid":41,"id":270,"mark":0,"image":"http://www.appmagics.cn/resources/ar/7552f06a874e89739a6c3cae09ae07ca.jpg","icon":"http://www.appmagics.cn/resources/ar/4a3cfbab204ccf991b629f6b51575a58.jpg","type":"","price":"","name":"名人007"},{"description":"#哈利波图#与大人物合影！","cid":41,"id":269,"mark":0,"image":"http://www.appmagics.cn/resources/ar/67fe75b87d0e25b1fd1a75fb5bb4e9ac.jpg","icon":"http://www.appmagics.cn/resources/ar/96917b19b30bbfdfbd89d62e2921cf56.jpg","type":"","price":"","name":"名人006"},{"description":"#哈利波图#与大人物合影！","cid":41,"id":268,"mark":0,"image":"http://www.appmagics.cn/resources/ar/9a3f5c96baff8487b43e5fc8ef0d990d.jpg","icon":"http://www.appmagics.cn/resources/ar/f08176a5e071b89e7c94f4d4fdc50880.jpg","type":"","price":"","name":"名人005"},{"description":"#哈利波图#与大人物合影！","cid":41,"id":267,"mark":0,"image":"http://www.appmagics.cn/resources/ar/d44bd1355212a6657dd454af3463db19.jpg","icon":"http://www.appmagics.cn/resources/ar/f122fed3c6b4a3928b433bcc2e7b489b.jpg","type":"","price":"","name":"名人004"},{"description":"#哈利波图#与大人物合影！","cid":41,"id":266,"mark":0,"image":"http://www.appmagics.cn/resources/ar/733095c28522530e1b19f1a1d1a3fff9.jpg","icon":"http://www.appmagics.cn/resources/ar/8c89dab83e4280b8ffb4ffffd35c9cc2.jpg","type":"","price":"","name":"名人003"},{"description":"#哈利波图#与大人物合影！","cid":41,"id":265,"mark":0,"image":"http://www.appmagics.cn/resources/ar/f867d457ce2a2a06b1b01cec7dacfb61.jpg","icon":"http://www.appmagics.cn/resources/ar/9d9543ac6a104fb03af765bf8a536e81.jpg","type":"","price":"","name":"名人002"},{"description":"#哈利波图#与大人物合影！","cid":41,"id":264,"mark":0,"image":"http://www.appmagics.cn/resources/ar/1007d357f7773ac5040d50e3cf0d5f9d.jpg","icon":"http://www.appmagics.cn/resources/ar/c5494c3de3ffe59b32fd8994862bcbdf.jpg","type":"","price":"","name":"名人001"}],"page":1,"sinceId":0,"totalRows":13,"totalPages":1,"rows":13}}