{"accessToken":"ad589fd46c1dbea90cfb99c0010e61b4","error":null,"code":200,"refreshToken":"","goods":{"maxId":2147483647,"records":[{"description":"019","cid":32,"id":120,"mark":0,"image":"http://www.appmagics.cn/resources/ar/f82bfebc296cc5679edbc1b66eaee2dd.jpg","icon":"http://www.appmagics.cn/resources/ar/c3c481ae29940db9be8187f61bc6098b.jpg","type":"","price":"","name":"019"},{"description":"017","cid":32,"id":119,"mark":0,"image":"http://www.appmagics.cn/resources/ar/422d127fdde074b3db668b75d5202dbf.jpg","icon":"http://www.appmagics.cn/resources/ar/eab6317f3b9c85233beca99f304d98ef.jpg","type":"","price":"","name":"017"},{"description":"018","cid":32,"id":117,"mark":0,"image":"http://www.appmagics.cn/resources/ar/76b85e2462c14faca07b5c8259f5792d.jpg","icon":"http://www.appmagics.cn/resources/ar/0c2efa2f97bc07ecdbf5485fbd2eebf5.jpg","type":"","price":"","name":"018"},{"description":"016","cid":32,"id":115,"mark":0,"image":"http://www.appmagics.cn/resources/ar/29596e510c2db09ec9a97328be213226.jpg","icon":"http://www.appmagics.cn/resources/ar/7e925da5e3e275203868d8bd9566d63b.jpg","type":"","price":"","name":"016"},{"description":"015","cid":32,"id":114,"mark":0,"image":"http://www.appmagics.cn/resources/ar/b9f459a2b760815576e51c1876ca0946.jpg","icon":"http://www.appmagics.cn/resources/ar/cfa902474acf6dfb45c4b0b57dc4625a.jpg","type":"","price":"","name":"015"},{"description":"014","cid":32,"id":113,"mark":0,"image":"http://www.appmagics.cn/resources/ar/a0e1d5d8bee163a156de1922ee66e3d9.jpg","icon":"http://www.appmagics.cn/resources/ar/a9982e38923601ca48f3a97503f01b8d.jpg","type":"","price":"","name":"014"},{"description":"013","cid":32,"id":112,"mark":0,"image":"http://www.appmagics.cn/resources/ar/0d9cc323ab9c1cbbe1f87e977c7cb247.jpg","icon":"http://www.appmagics.cn/resources/ar/9190d59d3a48987b0f7e668d991caac7.jpg","type":"","price":"","name":"013"},{"description":"012","cid":32,"id":110,"mark":0,"image":"http://www.appmagics.cn/resources/ar/ee18dff8b5b5661cd38e565fc8866961.jpg","icon":"http://www.appmagics.cn/resources/ar/60da9c490d8477f646808539f450b140.jpg","type":"","price":"","name":"012"},{"description":"011","cid":32,"id":109,"mark":0,"image":"http://www.appmagics.cn/resources/ar/2f25f317f49607ef7b30f601414a2321.jpg","icon":"http://www.appmagics.cn/resources/ar/cf43a20c7f4d6049ad84ee0fe53fdf3a.jpg","type":"","price":"","name":"011"},{"description":"010","cid":32,"id":108,"mark":0,"image":"http://www.appmagics.cn/resources/ar/156f6512da6724632633c77a46035820.jpg","icon":"http://www.appmagics.cn/resources/ar/1717a6f2fd67998c4ce2f104bf272b07.jpg","type":"","price":"","name":"010"},{"description":"009","cid":32,"id":107,"mark":0,"image":"http://www.appmagics.cn/resources/ar/60512a232782a7ea91295c69e41ac993.jpg","icon":"http://www.appmagics.cn/resources/ar/5a3f1550bbe7650e7f6ef62d92eb2fa8.jpg","type":"","price":"","name":"009"},{"description":"008","cid":32,"id":106,"mark":0,"image":"http://www.appmagics.cn/resources/ar/37e609c1d8fd6ad562f4292453355604.jpg","icon":"http://www.appmagics.cn/resources/ar/edceb761b5e4b5fc5862ec04fdf57c60.jpg","type":"","price":"","name":"008"},{"description":"007","cid":32,"id":105,"mark":0,"image":"http://www.appmagics.cn/resources/ar/1418eff44dd6237948e86a213905ef82.jpg","icon":"http://www.appmagics.cn/resources/ar/eeca5dd4f47cc4240d0f05523d8c095c.jpg","type":"","price":"","name":"007"},{"description":"006","cid":32,"id":104,"mark":0,"image":"http://www.appmagics.cn/resources/ar/a6cd030b5bd4b8233bbc399435aac80e.jpg","icon":"http://www.appmagics.cn/resources/ar/083715bc7643b3bb2b6efc5a02c4e067.jpg","type":"","price":"","name":"006"},{"description":"005","cid":32,"id":103,"mark":0,"image":"http://www.appmagics.cn/resources/ar/c3f75d6dd06e27561e91ee889b781ae8.jpg","icon":"http://www.appmagics.cn/resources/ar/3bcf62bae9c11bb6890e56256e5dfe2a.jpg","type":"","price":"","name":"005"},{"description":"004","cid":32,"id":102,"mark":0,"image":"http://www.appmagics.cn/resources/ar/23821e65b501ca6cd82aa224c2610881.jpg","icon":"http://www.appmagics.cn/resources/ar/e6b76bdb6cdb4e1106b95fd8830cba1c.jpg","type":"","price":"","name":"004"},{"description":"003","cid":32,"id":101,"mark":0,"image":"http://www.appmagics.cn/resources/ar/e2b7a3aefc0070648976a664b771d705.jpg","icon":"http://www.appmagics.cn/resources/ar/1eaa50c082f1e009bc61779e6111f6d2.jpg","type":"","price":"","name":"003"},{"description":"002","cid":32,"id":100,"mark":0,"image":"http://www.appmagics.cn/resources/ar/c165d55f019a3a75e18ffa1d2859953a.jpg","icon":"http://www.appmagics.cn/resources/ar/7525ce13395b410334397729c913e227.jpg","type":"","price":"","name":"002"},{"description":"001","cid":32,"id":99,"mark":0,"image":"http://www.appmagics.cn/resources/ar/33e474bfe32e3232a1fe744e24f9859c.jpg","icon":"http://www.appmagics.cn/resources/ar/91a7ca203dc903d219e97565be60a062.jpg","type":"","price":"","name":"001"},{"description":"000","cid":32,"id":98,"mark":0,"image":"http://www.appmagics.cn/resources/ar/3bfd552003129afac5373291ee150472.jpg","icon":"http://www.appmagics.cn/resources/ar/2e66739209395c478eda66b080580e96.jpg","type":"","price":"","name":"000"}],"page":1,"sinceId":0,"totalRows":20,"totalPages":1,"rows":20}}