{"accessToken":"ad589fd46c1dbea90cfb99c0010e61b4","error":null,"code":200,"refreshToken":"","goods":{"maxId":2147483647,"records":[{"description":"愤怒的小鸟","cid":10,"id":72,"mark":0,"image":"http://www.appmagics.cn/resources/ar/62246948e7c05f98091b4bd58afdb47c.jpg","icon":"http://www.appmagics.cn/resources/ar/4e4455e62b500cd4ba4eb2d35b2b12fe.jpg","type":"","price":"","name":"愤怒的小鸟"},{"description":"","cid":10,"id":71,"mark":0,"image":"http://www.appmagics.cn/resources/ar/7533832e3efbeeed521fdfeb7c009d54.jpg","icon":"http://www.appmagics.cn/resources/ar/9e0f4753e1d68b49f72dfd6a83f51039.jpg","type":"","price":"","name":"愤怒的小鸟"},{"description":"愤怒的小鸟","cid":10,"id":70,"mark":0,"image":"http://www.appmagics.cn/resources/ar/741ba71c103ae1c7fe3331a638e55fb0.jpg","icon":"http://www.appmagics.cn/resources/ar/23a2b80fd30d4083f1a23e2276e79619.jpg","type":"","price":"","name":"愤怒的小鸟"},{"description":"","cid":10,"id":69,"mark":0,"image":"http://www.appmagics.cn/resources/ar/09957dcbcfa9a764da8bacd7f495788d.jpg","icon":"http://www.appmagics.cn/resources/ar/82839d8b581fd308149711cb046867e8.jpg","type":"","price":"","name":"愤怒的小鸟"},{"description":"愤怒的小鸟","cid":10,"id":68,"mark":0,"image":"http://www.appmagics.cn/resources/ar/aeb003b7485db4cb8116bc282fd0d720.jpg","icon":"http://www.appmagics.cn/resources/ar/2b47ae2cda392f533174527e075bcf72.jpg","type":"","price":"","name":"愤怒的小鸟"},{"description":"","cid":10,"id":67,"mark":0,"image":"http://www.appmagics.cn/resources/ar/4b17cc3a63c90ed113ddde8b3561b99c.jpg","icon":"http://www.appmagics.cn/resources/ar/7c88d2cbae50e8450d575856a95faed4.jpg","type":"","price":"","name":"愤怒的小鸟"},{"description":"愤怒的小鸟","cid":10,"id":66,"mark":0,"image":"http://www.appmagics.cn/resources/ar/9be3786e0464d368a7d63117317d9466.jpg","icon":"http://www.appmagics.cn/resources/ar/266cec61b2efbd3bcf39ef9045912f98.jpg","type":"","price":"","name":"愤怒的小鸟"},{"description":"","cid":10,"id":65,"mark":0,"image":"http://www.appmagics.cn/resources/ar/bb52947f1c3ca9ff6b4f563fc12f9210.jpg","icon":"http://www.appmagics.cn/resources/ar/d38c14d43bb5e205a6512797605dacbb.jpg","type":"","price":"","name":"愤怒的小鸟"},{"description":"","cid":10,"id":64,"mark":0,"image":"http://www.appmagics.cn/resources/ar/c72509acc4cb890068ed341ac6cf93a9.jpg","icon":"http://www.appmagics.cn/resources/ar/99af511298dc4c997f5c7850c257c977.jpg","type":"","price":"","name":"愤怒的小鸟"},{"description":"","cid":10,"id":63,"mark":0,"image":"http://www.appmagics.cn/resources/ar/14966a075da01736eb5c6bc5d925286d.jpg","icon":"http://www.appmagics.cn/resources/ar/1bb45bd9fb506955e3123f141cdd45b7.jpg","type":"","price":"","name":"愤怒的小鸟"},{"description":"","cid":10,"id":62,"mark":0,"image":"http://www.appmagics.cn/resources/ar/a8adf0b223b62bc0bbb8bed8eb0c0600.jpg","icon":"http://www.appmagics.cn/resources/ar/d8de963876d0ac83cb01d1733bb9a600.jpg","type":"","price":"","name":"愤怒的小鸟"},{"description":"","cid":10,"id":61,"mark":0,"image":"http://www.appmagics.cn/resources/ar/d094c657980ac930679a27206d844cf2.jpg","icon":"http://www.appmagics.cn/resources/ar/aa2864c3cf6f14afa5aa1fa17cf85951.jpg","type":"","price":"","name":"愤怒的小鸟"},{"description":"","cid":10,"id":60,"mark":0,"image":"http://www.appmagics.cn/resources/ar/5577163e2c83324bf76960bc139f545c.jpg","icon":"http://www.appmagics.cn/resources/ar/6ec2f2faaf89ca96691aa1301dc5037f.jpg","type":"","price":"","name":"愤怒的小鸟"},{"description":"","cid":10,"id":59,"mark":0,"image":"http://www.appmagics.cn/resources/ar/c78ede184a355620622f3d16ed356c38.jpg","icon":"http://www.appmagics.cn/resources/ar/05271b5424bc4e640a34e20740735615.jpg","type":"","price":"","name":"愤怒的小鸟"},{"description":"","cid":10,"id":58,"mark":0,"image":"http://www.appmagics.cn/resources/ar/fbc177bc058ce5b28c8256cdc6e789f8.jpg","icon":"http://www.appmagics.cn/resources/ar/f9d8344360a3aae168f66df40d5fbf52.jpg","type":"","price":"","name":"愤怒的小鸟"},{"description":"","cid":10,"id":57,"mark":0,"image":"http://www.appmagics.cn/resources/ar/d7a396ee0070b2407007ea38d175eba2.jpg","icon":"http://www.appmagics.cn/resources/ar/1e4b530aa2dcc9f7d57a8d4901999846.jpg","type":"","price":"","name":"愤怒的小鸟"},{"description":"","cid":10,"id":56,"mark":0,"image":"http://www.appmagics.cn/resources/ar/a6a0154eb56ca6f5d397359196173a0c.jpg","icon":"http://www.appmagics.cn/resources/ar/6305db4bb80c72101a7e3f776c1d62e0.jpg","type":"","price":"","name":"愤怒的小鸟"},{"description":"","cid":10,"id":55,"mark":0,"image":"http://www.appmagics.cn/resources/ar/078f8306c120eb53e4f883ad0867c969.jpg","icon":"http://www.appmagics.cn/resources/ar/792684163c89909070edb90584b7b48f.jpg","type":"","price":"","name":"愤怒的小鸟"}],"page":1,"sinceId":0,"totalRows":18,"totalPages":1,"rows":18}}